lv-lv,en-gb,"1,2-propāndiols",Propyleneglycol
lv-lv,en-gb,"Abidžāna",Abidjan
lv-lv,en-gb,"Absolūtā nulle","Absolute zero"
lv-lv,en-gb,"Acetilēns",Acetylene
lv-lv,en-gb,"Administratīvās tiesības","Administrative law"
lv-lv,en-gb,"Admirālis",Admiral
lv-lv,en-gb,"Afganistāna",Afghanistan
lv-lv,en-gb,"Afrikandu valoda",Afrikaans
lv-lv,en-gb,"Afrikandu valoda",Dutch
lv-lv,en-gb,"Aglomerācija",Agglomeration
lv-lv,en-gb,"Aglomerācija",Aggregation
lv-lv,en-gb,"Aglomerācija","Densely populated region"
lv-lv,en-gb,"Aglomerācija",Pelleting
lv-lv,en-gb,"Ahāts",Agate
lv-lv,en-gb,"Aizklāšanās",Blanking
lv-lv,en-gb,"Aizklāšanās",Occlude
lv-lv,en-gb,"Aizklāšanās",Occultation
lv-lv,en-gb,"Aizvēsture",Prehistory
lv-lv,en-gb,"Akomodācija",Accommodation
lv-lv,en-gb,"Akrēcija",Accretion
lv-lv,en-gb,"Akrēcijas disks","Accretion disk"
lv-lv,en-gb,"Aktīvās galaktikas","Active galaxy"
lv-lv,en-gb,"Akvitānija",Aquitaine
lv-lv,en-gb,"Albānija",Albania
lv-lv,en-gb,"Alfabēts",Alphabet
lv-lv,en-gb,"Alfabēts","Spelling book"
lv-lv,en-gb,"Alkoholiskie dzērieni",Booze
lv-lv,en-gb,"Alkoholiskie dzērieni",Nightcap
lv-lv,en-gb,"Alumīnija oksīds",Alumina
lv-lv,en-gb,"Alēle",Allele
lv-lv,en-gb,"Amerikas Savienotās Valstis",Apple
lv-lv,en-gb,"Amerikas Savienotās Valstis",NY
lv-lv,en-gb,"Amerikas Savienotās Valstis",NYC
lv-lv,en-gb,"Amerikas Savienotās Valstis","United States of America"
lv-lv,en-gb,"Amerikāņu Samoa",Samoa
lv-lv,en-gb,"Amfiteātris",Amphitheatre
lv-lv,en-gb,"Amfiteātris","Lecture hall"
lv-lv,en-gb,"Amfiteātris","Lecture theatre"
lv-lv,en-gb,"Aminoskābes","Amino acid"
lv-lv,en-gb,"Ampērs",Ampere
lv-lv,en-gb,"Analītiskā ķīmija",Chemistry
lv-lv,en-gb,"Angļu valoda",English
lv-lv,en-gb,"Antidaļiņa",Antiparticle
lv-lv,en-gb,"Antropais princips","Anthropic principle"
lv-lv,en-gb,"Apiņi",Hop
lv-lv,en-gb,"Apvienotā Karaliste","United Kingdom"
lv-lv,en-gb,"Apziņa",Awareness
lv-lv,en-gb,"Arhimēds",Archimedes
lv-lv,en-gb,"Arhitrāvs",Architrave
lv-lv,en-gb,"Aristokrātija",Aristocracy
lv-lv,en-gb,"Aristokrātija",Nobility
lv-lv,en-gb,"Ariānisms",Arianism
lv-lv,en-gb,"Armēnija",Armenia
lv-lv,en-gb,"Arsēns",Arsenic
lv-lv,en-gb,"Artilērija",Artillery
lv-lv,en-gb,"Artērijas",Artery
lv-lv,en-gb,"Arābu valoda",Arab
lv-lv,en-gb,"Arābu valoda",Arabian
lv-lv,en-gb,"Asimetrijas koeficients",Skewness
lv-lv,en-gb,"Astes kauls",Coccyx
lv-lv,en-gb,"Atabaskas ezers","Lake Athabasca"
lv-lv,en-gb,"Atmosfēra",Atmosphere
lv-lv,en-gb,"Attēls",Image
lv-lv,en-gb,"Attēls",Picture
lv-lv,en-gb,"Atēna",Athena
lv-lv,en-gb,"Atēnas",Athens
lv-lv,en-gb,"Austroungārija",Austria-Hungary
lv-lv,en-gb,"Austrālija",Australia
lv-lv,en-gb,"Azerbaidžāna",Azerbaijan
lv-lv,en-gb,"BASIC programmēšanas valoda",BASIC
lv-lv,en-gb,"Bakteriofāgi",Bacteriophage
lv-lv,en-gb,"Balkānu pussala",Balkans
lv-lv,en-gb,"Baltais punduris","White dwarf star"
lv-lv,en-gb,"Baltais stārķis","White Stork"
lv-lv,en-gb,"Baltijas jūra",Baltic
lv-lv,en-gb,"Baltijas jūra","Baltic Sea"
lv-lv,en-gb,"Baltā cielava","White Wagtail"
lv-lv,en-gb,"Barbiturāti",Barbiturate
lv-lv,en-gb,"Batmanas province",Batman
lv-lv,en-gb,"Bavārija",Bavaria
lv-lv,en-gb,"Bermudu salas",Bermuda
lv-lv,en-gb,"Bermudu salas",Bermudas
lv-lv,en-gb,"Bilingvālisms",Bilingualism
lv-lv,en-gb,"Binārā skaitīšanas sistēma","Binary system"
lv-lv,en-gb,"Biogrāfija",Biography
lv-lv,en-gb,"Biogrāfija","Life story"
lv-lv,en-gb,"Boforta jūra","Beaufort Sea"
lv-lv,en-gb,"Bohēmija",Bohemia
lv-lv,en-gb,"Bosnija un Hercegovina","Bosnia and Herzegovina"
lv-lv,en-gb,"Botsvāna",Botswana
lv-lv,en-gb,"Botānika",Botanical
lv-lv,en-gb,"Botānika",Botany
lv-lv,en-gb,"Brēmene",Bremen
lv-lv,en-gb,"Brīvpiekļuves atmiņa","Random access memory"
lv-lv,en-gb,"Bulgārija",Bulgaria
lv-lv,en-gb,"Bulgāru valoda",Bulgarian
lv-lv,en-gb,"Butāna",Bhutan
lv-lv,en-gb,"Butāns",Butane
lv-lv,en-gb,"Butāns","Calor gas ®"
lv-lv,en-gb,"Bārijs",Barium
lv-lv,en-gb,"Bāze",Base
lv-lv,en-gb,"Bāzele",Basel
lv-lv,en-gb,"Bāzele",Basle
lv-lv,en-gb,"Bērkšīra",Berkshire
lv-lv,en-gb,"CPU cache","Cache memory"
lv-lv,en-gb,"Cenas griesti","Price cap"
lv-lv,en-gb,"Centrālais procesors",Processor
lv-lv,en-gb,"Centrāleiropa",Europe
lv-lv,en-gb,"Centrālā procesora ligzda",Socket
lv-lv,en-gb,"Centrālāfrika","Central African Republic"
lv-lv,en-gb,"Centrālāfrikas Republika","Central African Republic"
lv-lv,en-gb,"Cietais disks","Hard disk"
lv-lv,en-gb,"Cilvēktiesības","Human rights"
lv-lv,en-gb,"Citronskābe","Citric acid"
lv-lv,en-gb,"Civilizācija",Civilization
lv-lv,en-gb,"Cērijs",Cerium
lv-lv,en-gb,"Cēzars",Caesar
lv-lv,en-gb,"Cēzijs",Caesium
lv-lv,en-gb,"Darbības vārds",Verb
lv-lv,en-gb,"Daremas grāfiste",Durham
lv-lv,en-gb,"Datorzinātne",Computerized
lv-lv,en-gb,"Datorzinātne",Computing
lv-lv,en-gb,"Datorzinātne","Data processing"
lv-lv,en-gb,"Datorzinātne",Data-processing
lv-lv,en-gb,"Datorzinātne",Informatics
lv-lv,en-gb,"Datorzinātne","Information processing"
lv-lv,en-gb,"Datorzinātne","Information technology"
lv-lv,en-gb,"Datu bāze",Database
lv-lv,en-gb,"Demokrātija",Democracy
lv-lv,en-gb,"Derīgā krava","Carrying capacity"
lv-lv,en-gb,"Derīgā krava","Commercial load"
lv-lv,en-gb,"Derīgā krava","Sevice load"
lv-lv,en-gb,"Dezoksiribonukleīnskābe","Deoxyribonucleic acid"
lv-lv,en-gb,"Dienvidaustrumāzija","South-East Asia"
lv-lv,en-gb,"Dienvidslāvija",Yugoslavia
lv-lv,en-gb,"Dienvidāfrikas Republika","South Africa"
lv-lv,en-gb,"Domāšana",Pansy
lv-lv,en-gb,"Domāšana",Thought
lv-lv,en-gb,"Dvēsele",Soul
lv-lv,en-gb,"Dānija",Denmark
lv-lv,en-gb,"Dārbišīra",Derbyshire
lv-lv,en-gb,"Dēmons",Daemon
lv-lv,en-gb,"E-pasta adrese","E-mail adress"
lv-lv,en-gb,"E-pasta adrese","Email address"
lv-lv,en-gb,"Eiropas Savienība","European Union"
lv-lv,en-gb,"Ekosistēma",Ecosystem
lv-lv,en-gb,"Eksosfēra",Exosphere
lv-lv,en-gb,"Elektriskais lauks","Electric field"
lv-lv,en-gb,"Elektriskais lādiņš","Electric charge"
lv-lv,en-gb,"Elektriskais lādiņš","Electrical charge"
lv-lv,en-gb,"Elektriskā pretestība",Resistance
lv-lv,en-gb,"Elektriskā strāva","Electric current"
lv-lv,en-gb,"Elektriskā strāva",Main
lv-lv,en-gb,"Elektroniskā komercija",E-commerce
lv-lv,en-gb,"Elementārdaļiņas","Elementary particle"
lv-lv,en-gb,"Elēģija",Elegy
lv-lv,en-gb,"Enciklopēdija",Encyclopaedia
lv-lv,en-gb,"Enciklopēdija",Encyclopedia
lv-lv,en-gb,"Epitēlijaudi",Epithelium
lv-lv,en-gb,"Etilēns",Ethylene
lv-lv,en-gb,"Etiķskābe","Acetic acid"
lv-lv,en-gb,"Etāns",Ethane
lv-lv,en-gb,"Evolūcijas teorija",Evolution
lv-lv,en-gb,"Fatālisms",Fatalism
lv-lv,en-gb,"Februāris",February
lv-lv,en-gb,"Fizikālais slānis","Physical layer"
lv-lv,en-gb,"Fosforskābe","Phosphoric acid"
lv-lv,en-gb,"Fotogrāfija",Photography
lv-lv,en-gb,"Fotogrāfs","Camera dealer"
lv-lv,en-gb,"Fotogrāfs",Photographer
lv-lv,en-gb,"Fotogrāfs",Shot
lv-lv,en-gb,"Fotosfēra",Photosphere
lv-lv,en-gb,"Franču valoda",French
lv-lv,en-gb,"Fāzu stāvokļa diagramma","Phase diagram"
lv-lv,en-gb,"Gaismas gads",Light-year
lv-lv,en-gb,"Gaismas stars",Department
lv-lv,en-gb,"Gaismas ātrums","Speed of light"
lv-lv,en-gb,"Gaismas ātrums","Velocity of light"
lv-lv,en-gb,"Gajs Kornēlijs Tacits",Tacit
lv-lv,en-gb,"Galaktiku grupas un kopas","Cluster of galaxies"
lv-lv,en-gb,"Galaktiku grupas un kopas","Galaxy cluster"
lv-lv,en-gb,"Galda teniss","Table tennis"
lv-lv,en-gb,"Galvaspilsēta",Capital
lv-lv,en-gb,"Galvaspilsēta","Capital city"
lv-lv,en-gb,"Galvaspilsēta",Capitol
lv-lv,en-gb,"Galērijs",Galley
lv-lv,en-gb,"Gamma stari","Gamma ray"
lv-lv,en-gb,"Garais gads","Leap year"
lv-lv,en-gb,"Germānijs",Germanium
lv-lv,en-gb,"Globalizācija",Globalization
lv-lv,en-gb,"Golfa straume","Gulf Stream"
lv-lv,en-gb,"Gravitācijas lēca","Gravitational lens"
lv-lv,en-gb,"Gregora kalendārs","Gregorian calendar"
lv-lv,en-gb,"Gremošanas sistēma","Alimentary canal"
lv-lv,en-gb,"Gremošanas sistēma","Digestive tract"
lv-lv,en-gb,"Grenāda",Granada
lv-lv,en-gb,"Grenāda","Granada province"
lv-lv,en-gb,"Grenāda",Grenada
lv-lv,en-gb,"Grenāda",Grenade
lv-lv,en-gb,"Grenāda","Hand grenade"
lv-lv,en-gb,"Grenāda",Pomegranate
lv-lv,en-gb,"Grieķu valoda",Greek
lv-lv,en-gb,"Gruzīnu valoda",Georgian
lv-lv,en-gb,"Gāze",Gas
lv-lv,en-gb,"Gēlu valodas","Gaelic language"
lv-lv,en-gb,"Gēns",Gene
lv-lv,en-gb,"Halogēni",Halogen
lv-lv,en-gb,"Halogēnogļūdeņraži",CFC
lv-lv,en-gb,"Harēms",Harem
lv-lv,en-gb,"Hektārs",Hectare
lv-lv,en-gb,"Heptāns",Heptane
lv-lv,en-gb,"Herbārijs",Herbal
lv-lv,en-gb,"Herbārijs",Herbarium
lv-lv,en-gb,"Hokeja nūja",Crook
lv-lv,en-gb,"Hokeja nūja",Crosier
lv-lv,en-gb,"Hokeja nūja",Crozier
lv-lv,en-gb,"Hokeja nūja","Hockey stick"
lv-lv,en-gb,"Homo ģints",Homo
lv-lv,en-gb,"Homērs",Homer
lv-lv,en-gb,"Hordaiņi",Chordata
lv-lv,en-gb,"Horvātija",Croatia
lv-lv,en-gb,"Humānisms",Humanism
lv-lv,en-gb,"Hāga","The Hague"
lv-lv,en-gb,"Hārtfordšīra",Hertfordshire
lv-lv,en-gb,"Hēlijs",Helium
lv-lv,en-gb,"Iekapsulēšana",Encapsulation
lv-lv,en-gb,"Iekšzemes kopprodukts","Gross national product"
lv-lv,en-gb,"Iežurnāle",Identifier
lv-lv,en-gb,"Iežurnāle",Identifying
lv-lv,en-gb,"Iežurnāle","User ID"
lv-lv,en-gb,"Igauņu valoda",Estonian
lv-lv,en-gb,"Ilgtspējība",Durability
lv-lv,en-gb,"Ilgtspējība","Life span"
lv-lv,en-gb,"Ilgtspējība",Sustainability
lv-lv,en-gb,"Impērija",Empire
lv-lv,en-gb,"Impērija",Sway
lv-lv,en-gb,"Indonēzija",Indonesia
lv-lv,en-gb,"Induktivitātes spole",Reel
lv-lv,en-gb,"Inflācija",Inflation
lv-lv,en-gb,"Informācija",Information
lv-lv,en-gb,"Infrasarkanais starojums",Infrared
lv-lv,en-gb,"Inovācija",Innovation
lv-lv,en-gb,"Integrālis",Integral
lv-lv,en-gb,"Intervāls",Gap
lv-lv,en-gb,"Irāka",Iraq
lv-lv,en-gb,"Irāna",Iran
lv-lv,en-gb,"Islāms",Islam
lv-lv,en-gb,"Itāliešu valoda",Italian
lv-lv,en-gb,"Itālija",Italy
lv-lv,en-gb,"Izgāztuve",Dump
lv-lv,en-gb,"Izraēla",Israel
lv-lv,en-gb,"Izsaukuma zīme","Exclamation mark"
lv-lv,en-gb,"Janvāris",January
lv-lv,en-gb,"Japāņu valoda",Japanese
lv-lv,en-gb,"Jaudas koeficients","Power factor"
lv-lv,en-gb,"Jaunava Marija","Blessed Virgin"
lv-lv,en-gb,"Jaunava Marija",Madonna
lv-lv,en-gb,"Jaunava Marija",Virgin
lv-lv,en-gb,"Jaungrieķu valoda",Greek
lv-lv,en-gb,"Jaunzēlande","New Zealand"
lv-lv,en-gb,"Jaunzēlande",New-Zealand
lv-lv,en-gb,"Jeruzāleme",Jerusalem
lv-lv,en-gb,"Jonizācija",Ionization
lv-lv,en-gb,"Jonosfēra",Ionosphere
lv-lv,en-gb,"Jordānija",Jordan
lv-lv,en-gb,"Jērika",Jericho
lv-lv,en-gb,"Jūras anemones","Sea anemone"
lv-lv,en-gb,"Jūras šņibītis","Purple Sandpiper"
lv-lv,en-gb,"Jūrascūciņa",Guinea-pig
lv-lv,en-gb,"Kanāda",Canada
lv-lv,en-gb,"Kanāriju salas","Canary Islands"
lv-lv,en-gb,"Kapacitāte",Capacity
lv-lv,en-gb,"Kapitāls",Capital
lv-lv,en-gb,"Karbonāti",Carbonate
lv-lv,en-gb,"Kartāga",Carthage
lv-lv,en-gb,"Kaspijas jūra","Caspian Sea"
lv-lv,en-gb,"Kavalērija",Cavalry
lv-lv,en-gb,"Kavalērija",Horse
lv-lv,en-gb,"Kaŗote",Spoon
lv-lv,en-gb,"Kaŗote",Teaspoon
lv-lv,en-gb,"Klusais okeāns",Pacific
lv-lv,en-gb,"Klusais okeāns","Pacific Ocean"
lv-lv,en-gb,"Klēpjdators",Laptop
lv-lv,en-gb,"Klīstošais holandietis",Dutchman
lv-lv,en-gb,"Kodolieroči",Nuke
lv-lv,en-gb,"Koloniālisms",Colonialism
lv-lv,en-gb,"Kolāža",Collage
lv-lv,en-gb,"Kolāža",Paste
lv-lv,en-gb,"Kolāža",Sticking
lv-lv,en-gb,"Kombinācija","Boiler suit"
lv-lv,en-gb,"Kombinācija",Combination
lv-lv,en-gb,"Kombinācija",Dungarees
lv-lv,en-gb,"Kombinācija","Flying suit"
lv-lv,en-gb,"Kombinācija",Pantsuit
lv-lv,en-gb,"Kombinācija",Slip
lv-lv,en-gb,"Kombinācija","Trouser suit"
lv-lv,en-gb,"Komēdija",Comedy
lv-lv,en-gb,"Komēta",Comet
lv-lv,en-gb,"Komēta",Comets
lv-lv,en-gb,"Kondensācija",Condensation
lv-lv,en-gb,"Kopenhāgena",Copenhagen
lv-lv,en-gb,"Koraļļu salas",Atoll
lv-lv,en-gb,"Korejiešu valoda",Korean
lv-lv,en-gb,"Korelācija",Correlation
lv-lv,en-gb,"Korāns",Koran
lv-lv,en-gb,"Kosmiskais velkonis",Booster
lv-lv,en-gb,"Kosmiskā telpa",Space
lv-lv,en-gb,"Kotdivuāra","Ivory Coast"
lv-lv,en-gb,"Kravas automašīna",Truck
lv-lv,en-gb,"Kreolu valodas",Creole
lv-lv,en-gb,"Krievu valoda",Russian
lv-lv,en-gb,"Krimināltiesības","Criminal law"
lv-lv,en-gb,"Kristalogrāfija",Crystallography
lv-lv,en-gb,"Kristāls",Crystal
lv-lv,en-gb,"Krusta kari",Crusade
lv-lv,en-gb,"Krustu kauls",Sacrum
lv-lv,en-gb,"Krāsa",Color
lv-lv,en-gb,"Krāsa",Paint
lv-lv,en-gb,"Krāterezers","Crater lake"
lv-lv,en-gb,"Krēta",Crete
lv-lv,en-gb,"Kukaiņi",Insect
lv-lv,en-gb,"Kurdistāna",Kurdistan
lv-lv,en-gb,"Kušanas temperatūra","Melting temperature"
lv-lv,en-gb,"Kvadrāts",Square
lv-lv,en-gb,"Kvalitāte","Quality control"
lv-lv,en-gb,"Kvantu mehānika","Quantum mechanics"
lv-lv,en-gb,"Kvarca rezonators",Quartz
lv-lv,en-gb,"Kvazāri",Quasar
lv-lv,en-gb,"Kālija cianīds","Potassium cyanide"
lv-lv,en-gb,"Kālija nitrāts",Saltpetre
lv-lv,en-gb,"Kālija permanganāts","Potassium permanganate"
lv-lv,en-gb,"Kālijs",Potassium
lv-lv,en-gb,"Kārlis Lielais",Charlemagne
lv-lv,en-gb,"Labradoras jūra","Labrador Sea"
lv-lv,en-gb,"Laika josla","Time zone"
lv-lv,en-gb,"Laika zona","Time zone"
lv-lv,en-gb,"Lantāns",Lanthanum
lv-lv,en-gb,"Lasāmatmiņa",ROM
lv-lv,en-gb,"Lasāmatmiņa","ROM memory"
lv-lv,en-gb,"Lasāmatmiņa","Read only memory"
lv-lv,en-gb,"Lasāmatmiņa","Read-only memory"
lv-lv,en-gb,"Latviešu valoda",Lettish
lv-lv,en-gb,"Latvānis","Cow parsnip"
lv-lv,en-gb,"Latvānis",Cow-parsnip
lv-lv,en-gb,"Latvānis",Hogweed
lv-lv,en-gb,"Latvāņi","Cow parsnip"
lv-lv,en-gb,"Latvāņi",Cow-parsnip
lv-lv,en-gb,"Latvāņi",Hogweed
lv-lv,en-gb,"Latīņu valoda",Latin
lv-lv,en-gb,"Laušanas koeficients","Refractive index"
lv-lv,en-gb,"Ledus laikmets",Glaciation
lv-lv,en-gb,"Leņķis",Angle
lv-lv,en-gb,"Libāna",Lebanon
lv-lv,en-gb,"Libērija",Liberia
lv-lv,en-gb,"Lielais Lāčezers","Great Bear Lake"
lv-lv,en-gb,"Lielais Sālsezers","Great Salt Lake"
lv-lv,en-gb,"Lielā Mančestra","Greater Manchester"
lv-lv,en-gb,"Lielā panda","Arctic fox"
lv-lv,en-gb,"Lietderības koeficients","Energy efficiency"
lv-lv,en-gb,"Lietotāja saskarne",Interface
lv-lv,en-gb,"Lietuviešu valoda",Lithuanian
lv-lv,en-gb,"Lietuviešu valoda","Lithuanian man"
lv-lv,en-gb,"Lietvārds",Name
lv-lv,en-gb,"Litosfēra",Lithospher
lv-lv,en-gb,"Litosfēra",Lithosphere
lv-lv,en-gb,"Lizergīnskābes dietilamīds",Acid
lv-lv,en-gb,"Lokālais tīkls",Lan
lv-lv,en-gb,"Lokālais tīkls","Local area network"
lv-lv,en-gb,"Ložmetējs","Machine gun"
lv-lv,en-gb,"Ložmetējs",Machine-gun
lv-lv,en-gb,"Luiziāna",Louisiana
lv-lv,en-gb,"Lutēcijs",Lutetium
lv-lv,en-gb,"Lācis",Bear
lv-lv,en-gb,"Lāzerprinteris","Printer laser"
lv-lv,en-gb,"Lāzers",Laser
lv-lv,en-gb,"Līdzstrāva","Direct current"
lv-lv,en-gb,"Līmeņrādis","Bubble level"
lv-lv,en-gb,"Līmeņrādis",Spirit-level
lv-lv,en-gb,"Magnētiskais lauks","Magnetic field"
lv-lv,en-gb,"Maiņstrāva","Alternating current"
lv-lv,en-gb,"Malāvija",Malawi
lv-lv,en-gb,"Mangāns",Manganese
lv-lv,en-gb,"Matemātika",Mathematics
lv-lv,en-gb,"Mauritānija",Mauritania
lv-lv,en-gb,"Maķedonijas Republika",Macedonia
lv-lv,en-gb,"Mehānika",Mechanical
lv-lv,en-gb,"Meklētājprogramma","Search engine"
lv-lv,en-gb,"Melanēzija",Melanesia
lv-lv,en-gb,"Melnais caurums","Black hole"
lv-lv,en-gb,"Melnais caurums","Black holes"
lv-lv,en-gb,"Melnais caurums",Collapsar
lv-lv,en-gb,"Melnā jūra","Black Sea"
lv-lv,en-gb,"Melnā jūra","Euxine Sea"
lv-lv,en-gb,"Melnā nāve","Black Death"
lv-lv,en-gb,"Membrāna",Membrane
lv-lv,en-gb,"Metāls",Metal
lv-lv,en-gb,"Metāns",Methane
lv-lv,en-gb,"Migrācija",Migration
lv-lv,en-gb,"Mikronēzija",Micronesia
lv-lv,en-gb,"Mikronēzija",Micronesian
lv-lv,en-gb,"Mikroviļņi",Microwave
lv-lv,en-gb,"Milzu zvaigzne",Giantess
lv-lv,en-gb,"Milāna",Kite
lv-lv,en-gb,"Minerāls",Mineral
lv-lv,en-gb,"Mistērija",Mystery
lv-lv,en-gb,"Mizanscēna",Setting
lv-lv,en-gb,"Mizanscēna",Staging
lv-lv,en-gb,"Mičigans","Lake Michigan"
lv-lv,en-gb,"Molibdēns",Molybdenium
lv-lv,en-gb,"Molibdēns",Molybdenum
lv-lv,en-gb,"Monetārā politika",Monetarism
lv-lv,en-gb,"Mongoļu valoda",Mongolian
lv-lv,en-gb,"Monēta",Currency
lv-lv,en-gb,"Monēta",Money
lv-lv,en-gb,"Moralitē",Alignment
lv-lv,en-gb,"Moralitē",Character
lv-lv,en-gb,"Moralitē","Moral standards"
lv-lv,en-gb,"Morāle",Ethics
lv-lv,en-gb,"Morāle",Morals
lv-lv,en-gb,"Multiplikācija",Animation
lv-lv,en-gb,"Mutes harmonikas",Harmonica
lv-lv,en-gb,"Mutes harmonikas",Mouth-organ
lv-lv,en-gb,"Mutācija",Mutation
lv-lv,en-gb,"Mutācija",Transfer
lv-lv,en-gb,"Mājas lapa","Home page"
lv-lv,en-gb,"Mājas zvirbulis","House Sparrow"
lv-lv,en-gb,"Mākoņi",Cloud
lv-lv,en-gb,"Mākslīgais intelekts","Artificial intelligence"
lv-lv,en-gb,"Māli",Clay
lv-lv,en-gb,"Māls",Clay
lv-lv,en-gb,"Mārketings",Marketing
lv-lv,en-gb,"Mātes plate",Motherboard
lv-lv,en-gb,"Mātes plate",Motherboards
lv-lv,en-gb,"Mēnesis",Month
lv-lv,en-gb,"Mēness",Moon
lv-lv,en-gb,"Mīnu traleris",Minesweeper
lv-lv,en-gb,"Nacionālais kopprodukts","Gross national product"
lv-lv,en-gb,"Nacionālisms",Nationalism
lv-lv,en-gb,"Nedēļa",Week
lv-lv,en-gb,"Nepāla",Nepal
lv-lv,en-gb,"Nesējraķete",Missile
lv-lv,en-gb,"Nevienādība",Inequality
lv-lv,en-gb,"Niagāras ūdenskritums","Niagara Falls"
lv-lv,en-gb,"Nigēra",Niger
lv-lv,en-gb,"Nigērija",Nigeria
lv-lv,en-gb,"Nijmēgena",Nimwegen
lv-lv,en-gb,"Nipigona ezers","Nipigon Lake"
lv-lv,en-gb,"Nobēlijs",Nobelium
lv-lv,en-gb,"Nokrišņi",Precipitation
lv-lv,en-gb,"Norfolka, Lielbritānija",Norfolk
lv-lv,en-gb,"Norvēģija",Norway
lv-lv,en-gb,"Norvēģu valoda",Norwegian
lv-lv,en-gb,"Norvēģu valoda","Norwegian man"
lv-lv,en-gb,"Nukleīnskābes","Nucleic acid"
lv-lv,en-gb,"Numismātika",Numismatics
lv-lv,en-gb,"Nāra",Banshee
lv-lv,en-gb,"Nāra",Hooter
lv-lv,en-gb,"Nāra",Mermaid
lv-lv,en-gb,"Nāra","Sex bomb"
lv-lv,en-gb,"Nāra",Siren
lv-lv,en-gb,"Nātrija hlorīds","Sodium chloride"
lv-lv,en-gb,"Nātrijs",Sodium
lv-lv,en-gb,"Nāve",Death
lv-lv,en-gb,"Nāvessods","Death penalty"
lv-lv,en-gb,"Nīderlandiešu valoda",Dutch
lv-lv,en-gb,"Oglekļa dioksīds","Carbon dioxide"
lv-lv,en-gb,"Ogļhidrāti",Carbohydrate
lv-lv,en-gb,"Ogļskābe","Carbon dioxide"
lv-lv,en-gb,"Ogļūdeņraži",Hydrocarbon
lv-lv,en-gb,"Okeanogrāfija",Oceanography
lv-lv,en-gb,"Okeānija",Oceania
lv-lv,en-gb,"Okeānija","South Sea Islands"
lv-lv,en-gb,"Okeāns",Ocean
lv-lv,en-gb,"Oktaviāns",Augustus
lv-lv,en-gb,"Oktāns",Octane
lv-lv,en-gb,"Oktāva",Octave
lv-lv,en-gb,"Okupācija",Occupation
lv-lv,en-gb,"Oleīnskābe","Oleic acid"
lv-lv,en-gb,"Ontārio ezers","Lake Ontario"
lv-lv,en-gb,"Operacionālā sistēma","Operating system"
lv-lv,en-gb,"Operētājsistēma","Operating system"
lv-lv,en-gb,"Orbitālā observatorija","Space telescope"
lv-lv,en-gb,"Organiskā ķīmija","Organic chemistry"
lv-lv,en-gb,"Orgāni",Organ
lv-lv,en-gb,"Orķestra bedre",Pit
lv-lv,en-gb,"Pakistāna",Pakistan
lv-lv,en-gb,"Pallādijs",Palladium
lv-lv,en-gb,"Palmitīnskābe","Palmitic acid"
lv-lv,en-gb,"Parastā apse",Aspen
lv-lv,en-gb,"Partizānu karš",Partisan
lv-lv,en-gb,"Patogēns",Pathogenic
lv-lv,en-gb,"Paātrinājums",Acceleration
lv-lv,en-gb,"Pentāns",Pentane
lv-lv,en-gb,"Petrogrāfija",Petrography
lv-lv,en-gb,"Pienskābe","Lactic acid"
lv-lv,en-gb,"Pilsēta",Town
lv-lv,en-gb,"Pingvīnu dzimta",Armless
lv-lv,en-gb,"Pingvīnu dzimta",One-armed
lv-lv,en-gb,"Piparmētra",Peppermint
lv-lv,en-gb,"Pirmsvasas augi",Bryophite
lv-lv,en-gb,"Planka konstante","Planck constant"
lv-lv,en-gb,"Planēta",Planet
lv-lv,en-gb,"Planēta",Planets
lv-lv,en-gb,"Polinēzija",Polynesia
lv-lv,en-gb,"Polārlācis","Polar bear"
lv-lv,en-gb,"Portugāle",Portugal
lv-lv,en-gb,"Portugāļu valoda",Portuguese
lv-lv,en-gb,"Posmkāji",Arthropod
lv-lv,en-gb,"Pozitīvās tiesības","Statute law"
lv-lv,en-gb,"Poļu valoda",Polish
lv-lv,en-gb,"Programmēšanas paradigma",Paradigm
lv-lv,en-gb,"Programmēšanas valoda","Program language"
lv-lv,en-gb,"Propāns",Propane
lv-lv,en-gb,"Propēns",Propylene
lv-lv,en-gb,"Prāga",Prague
lv-lv,en-gb,"Pulsārs",Pulsar
lv-lv,en-gb,"Pāns",Bit
lv-lv,en-gb,"Pāns",Pan
lv-lv,en-gb,"Pāns",Panel
lv-lv,en-gb,"Pāns",Side
lv-lv,en-gb,"Pāns",Tail
lv-lv,en-gb,"Pārnova",Supernovas
lv-lv,en-gb,"Pārtikas produkts",Feedstuff
lv-lv,en-gb,"Radioviļņi","Radio wave"
lv-lv,en-gb,"Reinoldsa kritērijs","Reynold's number"
lv-lv,en-gb,"Reklāma",Advertising
lv-lv,en-gb,"Relativitātes teorija",Relativity
lv-lv,en-gb,"Resnā zarna",Colon
lv-lv,en-gb,"Rezultatīva piespēle",Aid
lv-lv,en-gb,"Ribonukleīnskābe",RNA
lv-lv,en-gb,"Ribonukleīnskābe","Ribonucleic acid"
lv-lv,en-gb,"Rietumu Buga",Bug
lv-lv,en-gb,"Riska kapitāls","Venture capital"
lv-lv,en-gb,"Riņķis",Circle
lv-lv,en-gb,"Rokas nauda",Deposit
lv-lv,en-gb,"Rokas nauda","Earnest money"
lv-lv,en-gb,"Romas Katoļu baznīca",Catholicism
lv-lv,en-gb,"Romas impērija","Roman Empire"
lv-lv,en-gb,"Romas pāvests","Bishop of Rome"
lv-lv,en-gb,"Romas pāvests","Holy Father"
lv-lv,en-gb,"Romas pāvests","Patriarch of the West"
lv-lv,en-gb,"Romas pāvests",Pontiff
lv-lv,en-gb,"Romas pāvests",Pope
lv-lv,en-gb,"Romas pāvests","Servant of the servants of God"
lv-lv,en-gb,"Romas pāvests","Sovereign pontiff"
lv-lv,en-gb,"Romas pāvests","Supreme pontiff"
lv-lv,en-gb,"Romas pāvests","Vicar of Christ"
lv-lv,en-gb,"Romāns",Novel
lv-lv,en-gb,"Romāns",Roman
lv-lv,en-gb,"Roņu dzimta",Seal
lv-lv,en-gb,"Rumānija",Romania
lv-lv,en-gb,"Rumānija",Rumania
lv-lv,en-gb,"Rumāņu valoda",Romanian
lv-lv,en-gb,"Rumāņu valoda",Rumanian
lv-lv,en-gb,"Rutēnijs",Ruthenium
lv-lv,en-gb,"Rādijs",Radium
lv-lv,en-gb,"Rādiuss",Department
lv-lv,en-gb,"Rēnijs",Rhenium
lv-lv,en-gb,"Sahāras tuksnesis",Sahara
lv-lv,en-gb,"Samārijs",Samarium
lv-lv,en-gb,"Sanktpēterburga","Saint Petersburg"
lv-lv,en-gb,"Saules aptumsums",Eclipse
lv-lv,en-gb,"Saules baterija","Photovoltaic cells"
lv-lv,en-gb,"Saules sistēma","Solar system"
lv-lv,en-gb,"Saules vējš","Solar wind"
lv-lv,en-gb,"Seišelu salas",Seychelles
lv-lv,en-gb,"Seksa industrija","Sex industry"
lv-lv,en-gb,"Selēns",Selenium
lv-lv,en-gb,"Senegāla",Senegal
lv-lv,en-gb,"Serbu valoda",Serbian
lv-lv,en-gb,"Sfēra",Sphere
lv-lv,en-gb,"Sidhārta Gautama",Buddha
lv-lv,en-gb,"Silikātu minerāls",Silicate
lv-lv,en-gb,"Siltuma daudzums","Fossil-fuel energy"
lv-lv,en-gb,"Siltuma daudzums","Fossil-fuel power"
lv-lv,en-gb,"Silīcija dioksīds",Silica
lv-lv,en-gb,"Silīcija dioksīds","Siliceous earth"
lv-lv,en-gb,"Silīcija dioksīds","Silicon dioxide"
lv-lv,en-gb,"Sistemātika",Systematic
lv-lv,en-gb,"Sistemātika","Systems engineering"
lv-lv,en-gb,"Siāmas kaķis",Siamese
lv-lv,en-gb,"Skandināvija",Scandinavia
lv-lv,en-gb,"Skaņa",Bran
lv-lv,en-gb,"Skaņa",Sound
lv-lv,en-gb,"Skaņas ātrums","Sound velocity"
lv-lv,en-gb,"Skaņas ātrums","Speed of sound"
lv-lv,en-gb,"Skābe",Acid
lv-lv,en-gb,"Skābeklis",Oxygen
lv-lv,en-gb,"Slovākija",Slovakia
lv-lv,en-gb,"Slovēnija",Slovenia
lv-lv,en-gb,"Slāpeklis",Nitrogen
lv-lv,en-gb,"Slāpekļskābe","Nitric acid"
lv-lv,en-gb,"Slāpētājs",Noiseless
lv-lv,en-gb,"Slāpētājs",Silent
lv-lv,en-gb,"Slāpētājs",Soundless
lv-lv,en-gb,"Slēpe",Ski
lv-lv,en-gb,"Slēpe",Skiing
lv-lv,en-gb,"Sociālisms",Socialism
lv-lv,en-gb,"Somu valoda",Finnish
lv-lv,en-gb,"Somālija",Somalia
lv-lv,en-gb,"Sprāgstvielas",Explosive
lv-lv,en-gb,"Spānija",Iberian
lv-lv,en-gb,"Spānija",Spain
lv-lv,en-gb,"Spāņu valoda",Spanish
lv-lv,en-gb,"Spēka moments",Torque
lv-lv,en-gb,"Spēks",Force
lv-lv,en-gb,"Spēļu kārtis","Deck of cards"
lv-lv,en-gb,"Spēļu kārtis","Playing card"
lv-lv,en-gb,"Starptautiskā krimināltiesa","International Criminal Court"
lv-lv,en-gb,"Starptautiskās tiesības","International law"
lv-lv,en-gb,"Stratēģija",Generalship
lv-lv,en-gb,"Stratēģija",Strategy
lv-lv,en-gb,"Sublimācija",Sublimation
lv-lv,en-gb,"Sudāna",Sudan
lv-lv,en-gb,"Sulfāti",Sulphate
lv-lv,en-gb,"Sunnītu islāms",Sunni
lv-lv,en-gb,"Svārstības",Oscillation
lv-lv,en-gb,"Svētdiena",Sunday
lv-lv,en-gb,"Sākumlapa",Courtesy
lv-lv,en-gb,"Sākumlapa",Reception
lv-lv,en-gb,"Sālsezers","Salt lake"
lv-lv,en-gb,"Sālsskābe","Spirit of salts"
lv-lv,en-gb,"Sārms",Base
lv-lv,en-gb,"Sēnes",Fungi
lv-lv,en-gb,"Sēnes",Fungus
lv-lv,en-gb,"Sēnes",Mushroom
lv-lv,en-gb,"Sērs",Sulfur
lv-lv,en-gb,"Sērskābe","Sulfuric acid"
lv-lv,en-gb,"Sērskābe","Sulphuric acid"
lv-lv,en-gb,"Taina un Vīra","Tyne and Wear"
lv-lv,en-gb,"Takelāža",Rigging
lv-lv,en-gb,"Takelāža","Sail plan"
lv-lv,en-gb,"Tantāls",Tantalum
lv-lv,en-gb,"Tanzānija",Tanzania
lv-lv,en-gb,"Taukskābe","Fatty acid"
lv-lv,en-gb,"Tehnēcijs",Technetium
lv-lv,en-gb,"Teātris",Theatre
lv-lv,en-gb,"Tibērijs",Tiberius
lv-lv,en-gb,"Tiltiņš",Gateway
lv-lv,en-gb,"Tirgotājs",Dealer
lv-lv,en-gb,"Tirgotājs",Merchant
lv-lv,en-gb,"Tirgotājs",Salesman
lv-lv,en-gb,"Tirgotājs",Shopkeeper
lv-lv,en-gb,"Tirgotājs",Stallholder
lv-lv,en-gb,"Tirānija",Bully
lv-lv,en-gb,"Tirānija",Tyrant
lv-lv,en-gb,"Tirēnu jūra","Tyrrhenian Sea"
lv-lv,en-gb,"Titrēšana",Titration
lv-lv,en-gb,"Titāns",Titanium
lv-lv,en-gb,"Tomāts",Tomato
lv-lv,en-gb,"Tonalitāte","Ringing tone"
lv-lv,en-gb,"Tonalitāte",Tonality
lv-lv,en-gb,"Tonalitāte",Tone
lv-lv,en-gb,"Tour de France","Tour de France"
lv-lv,en-gb,"Traģēdija",Tragedy
lv-lv,en-gb,"Trinidāda",Trinity
lv-lv,en-gb,"Turkmenistāna",Turkmenistan
lv-lv,en-gb,"Turku valoda",Turk
lv-lv,en-gb,"Turku valoda",Turkish
lv-lv,en-gb,"Tuvie Austrumi","Middle East"
lv-lv,en-gb,"Tuvie Austrumi","Near East"
lv-lv,en-gb,"Tēlniecība",Carving
lv-lv,en-gb,"Tērauds",Steel
lv-lv,en-gb,"Tīkla karte",Adapter
lv-lv,en-gb,"Tīmekļa sindikācija","Trade union"
lv-lv,en-gb,"Ultravioletais starojums",Ultraviolet
lv-lv,en-gb,"Ungārija",Hungary
lv-lv,en-gb,"Ungāru valoda",Hungarian
lv-lv,en-gb,"Urāla",Ural
lv-lv,en-gb,"Urāli",Ural
lv-lv,en-gb,"Urāns",Uranium
lv-lv,en-gb,"Uzbrucējs","Wing player"
lv-lv,en-gb,"Uzņēmums",Firm
lv-lv,en-gb,"Uzņēmējdarbība",Firm
lv-lv,en-gb,"Valoda Java",Java
lv-lv,en-gb,"Valsts himna","National anthem"
lv-lv,en-gb,"Vanādijs",Vanadium
lv-lv,en-gb,"Vasaras laiks","Summer time"
lv-lv,en-gb,"Vatikāns",Vatican
lv-lv,en-gb,"Velosipēds",Bicycle
lv-lv,en-gb,"Velosipēds",Bike
lv-lv,en-gb,"Velosipēds",Cycle
lv-lv,en-gb,"Venēcija",Bruges
lv-lv,en-gb,"Venēcija",Venice
lv-lv,en-gb,"Venēra",Venus
lv-lv,en-gb,"Vestmidlendas grāfiste",Midlands
lv-lv,en-gb,"Vestmidlendas grāfiste","West Midlands"
lv-lv,en-gb,"Vienādranga tīkls","Peer to peer"
lv-lv,en-gb,"Vienības matrica","Identity matrix"
lv-lv,en-gb,"Vietniekvārds",Pronoun
lv-lv,en-gb,"Vietņvedis",Webmaster
lv-lv,en-gb,"Viršanas temperatūra",Boiling
lv-lv,en-gb,"Viskozitāte",Viscosity
lv-lv,en-gb,"Viļņu fronte","Wave front"
lv-lv,en-gb,"Voltērs",French
lv-lv,en-gb,"Voltērs","French language"
lv-lv,en-gb,"Vudsu ezers","Lake of the Woods"
lv-lv,en-gb,"Vulkāns",Volcano
lv-lv,en-gb,"Vācieši",German
lv-lv,en-gb,"Vācieši","German language"
lv-lv,en-gb,"Vācija",Dutch
lv-lv,en-gb,"Vācija",Germany
lv-lv,en-gb,"Vācu valoda",German
lv-lv,en-gb,"Vājā mijiedarbība","Weak interaction"
lv-lv,en-gb,"Vārda brīvība","Freedom of speech"
lv-lv,en-gb,"Vārti",Goal
lv-lv,en-gb,"Vārtsargs",Goalie
lv-lv,en-gb,"Vārtsargs",Goalkeeper
lv-lv,en-gb,"Vēja enerģija","Wind power"
lv-lv,en-gb,"Vējš",Wind
lv-lv,en-gb,"Vēnas",Vein
lv-lv,en-gb,"Vēsture",History
lv-lv,en-gb,"Vēsture",Story
lv-lv,en-gb,"Zanzibāra",Zanzibar
lv-lv,en-gb,"Zemes atmosfēra",Atmosphere
lv-lv,en-gb,"Zemes mākslīgais pavadonis","Artificial satellite"
lv-lv,en-gb,"Ziemassvētki",Christmas
lv-lv,en-gb,"Ziemeļu Ledus okeāns","Arctic Ocean"
lv-lv,en-gb,"Ziemeļu puslode","Northern hemisphere"
lv-lv,en-gb,"Zikurāts",Ziggurat
lv-lv,en-gb,"Zinātne",Science
lv-lv,en-gb,"Zinātniskā fantastika","Science fiction"
lv-lv,en-gb,"Zināšanas",Knowledge
lv-lv,en-gb,"Zodiaka zvaigznāji",Zodiac
lv-lv,en-gb,"Zvaigznājs",Constellation
lv-lv,en-gb,"Zviedru valoda",Swedish
lv-lv,en-gb,"Zīdītāji",Mammal
lv-lv,en-gb,"Ābols",Apple
lv-lv,en-gb,"Āda",Bomb
lv-lv,en-gb,"Āda",Hide
lv-lv,en-gb,"Āda",Pelt
lv-lv,en-gb,"Āda",Skin
lv-lv,en-gb,"Āfrika",Africa
lv-lv,en-gb,"Āhene",Aachen
lv-lv,en-gb,"Āhene",Aix-la-Chapelle
lv-lv,en-gb,"Āpsis",Badger
lv-lv,en-gb,"Ārsts",Doctor
lv-lv,en-gb,"Ārsts",Medic
lv-lv,en-gb,"Ārsts",Physician
lv-lv,en-gb,"Āzija",Asia
lv-lv,en-gb,"Čada",Chad
lv-lv,en-gb,"Čehija","Czech Republic"
lv-lv,en-gb,"Čehoslovākija",Czechoslovakia
lv-lv,en-gb,"Čehu valoda",Czech
lv-lv,en-gb,"Čells",Cello
lv-lv,en-gb,"Četrstūris",Quadrangle
lv-lv,en-gb,"Četrstūris",Quadrilateral
lv-lv,en-gb,"Češīra",Cheshire
lv-lv,en-gb,"Čīle",Chile
lv-lv,en-gb,"Ērces",Tick
lv-lv,en-gb,"Ēteri",Ether
lv-lv,en-gb,"Ētika",Ethics
lv-lv,en-gb,"Ēvele",Plane
lv-lv,en-gb,"Ēvele","Planig and shaping tool"
lv-lv,en-gb,"Ēvele","Planing tool"
lv-lv,en-gb,"Ēģipte",Egypt
lv-lv,en-gb,"Ģenētika",Genetic
lv-lv,en-gb,"Ģenētika",Genetics
lv-lv,en-gb,"Ģeocentriskā orbīta","Earth orbit"
lv-lv,en-gb,"Ģeogrāfija",Geography
lv-lv,en-gb,"Ģitāra",Guitar
lv-lv,en-gb,"Īpašības vārds",Adjectival
lv-lv,en-gb,"Īpašības vārds",Adjective
lv-lv,en-gb,"Īrijas jūra","Irish Sea"
lv-lv,en-gb,"Ķērpji",Lichen
lv-lv,en-gb,"Ķīmiskais sastāvs","Chemical composition"
lv-lv,en-gb,"Ķīmiskā reakcija","Chemical reaction"
lv-lv,en-gb,"Ķīmiskā saite","Chemical bound"
lv-lv,en-gb,"Ņujorka",Apple
lv-lv,en-gb,"Ņujorka",NY
lv-lv,en-gb,"Ņujorka",NYC
lv-lv,en-gb,"Šahs","Chess set"
lv-lv,en-gb,"Šariats",Shariah
lv-lv,en-gb,"Šarifs",Sharif
lv-lv,en-gb,"Šarifs",Shereef
lv-lv,en-gb,"Šarifs",Sherif
lv-lv,en-gb,"Šaujampulveris",Gunpowder
lv-lv,en-gb,"Šokolāde",Chocolate
lv-lv,en-gb,"Šokolāde",Cocoa
lv-lv,en-gb,"Šropšīra",Shropshire
lv-lv,en-gb,"Štīrija",Styria
lv-lv,en-gb,"Šveice",Swiss
lv-lv,en-gb,"Šķidrums",Fluid
lv-lv,en-gb,"Šķīdums",Solution
lv-lv,en-gb,"Šūna",Cell
lv-lv,en-gb,"Šūnas kodols",Nucleus
lv-lv,en-gb,"Šūnas membrāna","Plasma membrane"
lv-lv,en-gb,"Šūnas organoīdi",Organelle
lv-lv,en-gb,"Ūdeņradis",Hydrogen
lv-lv,en-gb,"Ženēva",Geneva
lv-lv,en-gb,"Ženēvas ezers","Lake of Geneva"
lv-lv,en-gb,A,A
lv-lv,en-gb,A,Amp
lv-lv,en-gb,A,Member
lv-lv,en-gb,Abaks,Abacus
lv-lv,en-gb,Abats,Abbot
lv-lv,en-gb,Abats,Abbé
lv-lv,en-gb,Abats,Priest
lv-lv,en-gb,Abstrakcionisms,Abstraction
lv-lv,en-gb,Acetons,Acetone
lv-lv,en-gb,Adisabeba,"Addis Ababa"
lv-lv,en-gb,Afrodīte,Aphrodite
lv-lv,en-gb,Agnosticisms,Agnosticism
lv-lv,en-gb,Ahillejs,Achilles
lv-lv,en-gb,Ainava,Landscape
lv-lv,en-gb,Akords,Agreement
lv-lv,en-gb,Aksioma,Axiom
lv-lv,en-gb,Aktinolīts,Actinote
lv-lv,en-gb,Aktīnijs,Actinium
lv-lv,en-gb,Akvamarīns,Aquamarine
lv-lv,en-gb,Akvedukts,Aqueduct
lv-lv,en-gb,Ala,Cave
lv-lv,en-gb,Alabastrs,Alabaster
lv-lv,en-gb,Alas,Cave
lv-lv,en-gb,Albīts,Albite
lv-lv,en-gb,Aldehīdi,Aldehyde
lv-lv,en-gb,Aleksandrija,Alexandria
lv-lv,en-gb,Algebra,Algebra
lv-lv,en-gb,Algoritms,Algorithmic
lv-lv,en-gb,Algoritms,Algorithmics
lv-lv,en-gb,Allere,Fare
lv-lv,en-gb,Allere,Go
lv-lv,en-gb,Allere,"Go along"
lv-lv,en-gb,Allere,"Outward journey"
lv-lv,en-gb,Allere,"To be going"
lv-lv,en-gb,Allere,Travel
lv-lv,en-gb,Almanahs,Almanac
lv-lv,en-gb,Almanahs,Almanacs
lv-lv,en-gb,Almanahs,Yearbook
lv-lv,en-gb,Alofans,Allophane
lv-lv,en-gb,Alpi,Alps
lv-lv,en-gb,Alumīnijs,Aluminium
lv-lv,en-gb,Alus,Ale
lv-lv,en-gb,Alus,Beer
lv-lv,en-gb,Alva,Pewter
lv-lv,en-gb,Alva,Tin
lv-lv,en-gb,Alķīmija,Alchemy
lv-lv,en-gb,Alūvijs,Alluvion
lv-lv,en-gb,Alžīrija,Algeria
lv-lv,en-gb,Amazone,Amazon
lv-lv,en-gb,Amazone,Side-saddle
lv-lv,en-gb,Amerika,American
lv-lv,en-gb,Amerīcijs,Americium
lv-lv,en-gb,Ametists,Amethyst
lv-lv,en-gb,Amnestija,"Act of grace"
lv-lv,en-gb,Amnestija,Amnesty
lv-lv,en-gb,Amnestija,"General pardon"
lv-lv,en-gb,Amonjaks,Ammonia
lv-lv,en-gb,Amplitūda,Amplitude
lv-lv,en-gb,Amsterdama,Amsterdam
lv-lv,en-gb,Amīdi,"Acid amide"
lv-lv,en-gb,Amīni,Amine
lv-lv,en-gb,Anatomija,Anatomy
lv-lv,en-gb,Andalūzija,Andalusia
lv-lv,en-gb,Andora,Andorra
lv-lv,en-gb,Anglija,England
lv-lv,en-gb,Anglija,English
lv-lv,en-gb,Angola,Angola
lv-lv,en-gb,Angļi,English
lv-lv,en-gb,Anilīns,Aniline
lv-lv,en-gb,Anods,Anode
lv-lv,en-gb,Antarktīda,Antarctic
lv-lv,en-gb,Antilope,Antelope
lv-lv,en-gb,Antimons,Antimony
lv-lv,en-gb,Antoloģija,Anthology
lv-lv,en-gb,Antoloģija,Chrestomathy
lv-lv,en-gb,Antoloģija,Miscellany
lv-lv,en-gb,Antoloģija,Vellum
lv-lv,en-gb,Antropoloģija,Anthropology
lv-lv,en-gb,Antverpene,Antwerp
lv-lv,en-gb,Apache,Apache
lv-lv,en-gb,Apdegumi,Scald
lv-lv,en-gb,Apdegumi,Scalding
lv-lv,en-gb,Apollons,Apollo
lv-lv,en-gb,Aprīlis,April
lv-lv,en-gb,Apses,Poplar
lv-lv,en-gb,Apūlija,Apulia
lv-lv,en-gb,Argentīna,Argentina
lv-lv,en-gb,Argentīna,Argentine
lv-lv,en-gb,Argentīna,"Argentine woman"
lv-lv,en-gb,Argons,Argon
lv-lv,en-gb,Arheoloģija,Archaeology
lv-lv,en-gb,Arheoloģija,Archeology
lv-lv,en-gb,Arhitektūra,Architecture
lv-lv,en-gb,Aristotelis,Aristotle
lv-lv,en-gb,Arka,Arc
lv-lv,en-gb,Arkls,Plough
lv-lv,en-gb,Arkls,Plow
lv-lv,en-gb,Arktika,Arctic
lv-lv,en-gb,Arsenal,Armoury
lv-lv,en-gb,Arsenal,Arsenal
lv-lv,en-gb,Artemīda,Diana
lv-lv,en-gb,Asamblervaloda,Assembler
lv-lv,en-gb,Asinis,Blood
lv-lv,en-gb,Astats,Astatine
lv-lv,en-gb,Aste,Tail
lv-lv,en-gb,Asteroīds,Asteroid
lv-lv,en-gb,Astrofizika,Astrophysics
lv-lv,en-gb,Astroloģija,Astrology
lv-lv,en-gb,Astronomija,Astronomy
lv-lv,en-gb,Ateisms,Atheism
lv-lv,en-gb,Atommasa,"Atomic mass"
lv-lv,en-gb,Atoms,Atom
lv-lv,en-gb,Atribūcija,Allotment
lv-lv,en-gb,Augi,Plant
lv-lv,en-gb,Augusts,August
lv-lv,en-gb,Augšezers,"Lake Superior"
lv-lv,en-gb,Austrija,Austria
lv-lv,en-gb,Autobuss,Bus
lv-lv,en-gb,Autobuss,Omnibus
lv-lv,en-gb,Automašīna,Automobile
lv-lv,en-gb,Automašīna,Car
lv-lv,en-gb,Automašīna,Motor-car
lv-lv,en-gb,Avots,Source
lv-lv,en-gb,Aīds,Hades
lv-lv,en-gb,Aīds,Inferno
lv-lv,en-gb,Aļaska,Alaska
lv-lv,en-gb,Aļģes,Alga
lv-lv,en-gb,Babilona,Babylon
lv-lv,en-gb,Badmintons,Badminton
lv-lv,en-gb,Bahamas,Bahamas
lv-lv,en-gb,Bahreina,Bahrain
lv-lv,en-gb,Baits,Byte
lv-lv,en-gb,Balets,Ballet
lv-lv,en-gb,Balets,"Ballet music"
lv-lv,en-gb,Baltkrievija,Belarus
lv-lv,en-gb,Bangladeša,Bangladesh
lv-lv,en-gb,Banka,Bank
lv-lv,en-gb,Barbadosa,Barbados
lv-lv,en-gb,Barbari,Barbarian
lv-lv,en-gb,Barbarismi,Barbarism
lv-lv,en-gb,Bareljefs,"Bas relief"
lv-lv,en-gb,Bareljefs,Bas-relief
lv-lv,en-gb,Bareljefs,"Low relief"
lv-lv,en-gb,Barioni,Baryon
lv-lv,en-gb,Baroks,Baroque
lv-lv,en-gb,Barselona,Barcelona
lv-lv,en-gb,Basketbols,Basketball
lv-lv,en-gb,Bazilika,Basilica
lv-lv,en-gb,Baznīca,Church
lv-lv,en-gb,Baznīca,Church-building
lv-lv,en-gb,Baznīca,Kirk
lv-lv,en-gb,Baznīca,"Place of worship"
lv-lv,en-gb,Bedfordšīra,Bedfordshire
lv-lv,en-gb,Bekingemšīra,Buckinghamshire
lv-lv,en-gb,Belgrada,Belgrade
lv-lv,en-gb,Beliza,Belize
lv-lv,en-gb,Benina,Benign
lv-lv,en-gb,Benzols,Benzene
lv-lv,en-gb,Berilijs,Beryllium
lv-lv,en-gb,Berils,Aquamarine
lv-lv,en-gb,Berils,Beryl
lv-lv,en-gb,Berklijs,Berkelium
lv-lv,en-gb,Berlīne,Beaker
lv-lv,en-gb,Berlīne,Berlin
lv-lv,en-gb,Berne,Half-mast
lv-lv,en-gb,Bezvalstnieki,Stateless
lv-lv,en-gb,Beļģija,Belgium
lv-lv,en-gb,Biljards,"Billiard saloon"
lv-lv,en-gb,Biljards,"Billiard table"
lv-lv,en-gb,Biljards,Billiard-
lv-lv,en-gb,Biljards,Billiards
lv-lv,en-gb,Bioloģija,Biologist
lv-lv,en-gb,Bioloģija,Biology
lv-lv,en-gb,Bioķīmija,Biochemistry
lv-lv,en-gb,Bismuts,Bismuth
lv-lv,en-gb,Bits,Bit
lv-lv,en-gb,Bizantija,Byzantium
lv-lv,en-gb,Blīvums,Density
lv-lv,en-gb,Bolīds,Bolides
lv-lv,en-gb,Bolīds,Fireballs
lv-lv,en-gb,Bolīds,"Racing car"
lv-lv,en-gb,Bolīvija,Bolivia
lv-lv,en-gb,Bordo,Maroon
lv-lv,en-gb,Bors,Boron
lv-lv,en-gb,Bozoni,Boson
lv-lv,en-gb,Brasls,Ford
lv-lv,en-gb,Brazīlija,Brazil
lv-lv,en-gb,Brige,Bruges
lv-lv,en-gb,Brisele,Brussels
lv-lv,en-gb,Broms,Bromine
lv-lv,en-gb,Bruneja,Brunei
lv-lv,en-gb,Brīvmūrnieki,Freemasonry
lv-lv,en-gb,Brīvība,Liberty
lv-lv,en-gb,Budisms,Buddhism
lv-lv,en-gb,Budžets,Budget
lv-lv,en-gb,Bumbieris,Pear
lv-lv,en-gb,Bungas,Drum
lv-lv,en-gb,Burundi,Burundi
lv-lv,en-gb,Bībele,Bible
lv-lv,en-gb,Bļoda,Bowl
lv-lv,en-gb,Bļoda,Reservoir
lv-lv,en-gb,C,C
lv-lv,en-gb,Caurspīdīgums,Transparency
lv-lv,en-gb,Cefeīda,Cepheids
lv-lv,en-gb,Cements,Cement
lv-lv,en-gb,Cena,Price
lv-lv,en-gb,Centriola,Centriole
lv-lv,en-gb,Cenzūra,Censure
lv-lv,en-gb,Ceturtdiena,Thursday
lv-lv,en-gb,Cianīdi,Cyanide
lv-lv,en-gb,Ciedri,Cedar
lv-lv,en-gb,Cietība,Hardness
lv-lv,en-gb,Cilnis,Relief
lv-lv,en-gb,Cinks,Zinc
lv-lv,en-gb,Cinobrs,Cinnabar
lv-lv,en-gb,Cionisms,Zionism
lv-lv,en-gb,Cirkonijs,Zirconium
lv-lv,en-gb,Cirvis,Axe
lv-lv,en-gb,Citoplazma,Cytoplasm
lv-lv,en-gb,Citrīns,Citrin
lv-lv,en-gb,Citrīns,Citrine
lv-lv,en-gb,Civilkodekss,"Civil code"
lv-lv,en-gb,CoBrA,Cobra
lv-lv,en-gb,Cīrihe,Zurich
lv-lv,en-gb,Daba,Complexion
lv-lv,en-gb,Daba,"French lessons"
lv-lv,en-gb,Daba,Nature
lv-lv,en-gb,Daba,Wild
lv-lv,en-gb,Dagerotips,Daguerreotype
lv-lv,en-gb,Daiļslidošana,"Figure skating"
lv-lv,en-gb,Darbarīks,Tool
lv-lv,en-gb,Datori,Computer
lv-lv,en-gb,Datorpele,Mouse
lv-lv,en-gb,Datorprogramma,"Computer program"
lv-lv,en-gb,Dators,Computer
lv-lv,en-gb,Datortīkli,Network
lv-lv,en-gb,Death,Death
lv-lv,en-gb,Decembris,Christmas
lv-lv,en-gb,Deguns,Nose
lv-lv,en-gb,Degvīns,Vodka
lv-lv,en-gb,Delta,Delta
lv-lv,en-gb,Detroita,Sound
lv-lv,en-gb,Detroita,Strait
lv-lv,en-gb,Devona,Devon
lv-lv,en-gb,Diena,Day
lv-lv,en-gb,Diena,Daylight
lv-lv,en-gb,Dienvidamerika,"South America"
lv-lv,en-gb,Dienvidkoreja,"South Korea"
lv-lv,en-gb,Dievs,God
lv-lv,en-gb,Difrakcija,Diffraction
lv-lv,en-gb,Dimants,Diamond
lv-lv,en-gb,Dinamīts,Dynamite
lv-lv,en-gb,Dingo,Potty
lv-lv,en-gb,Dinozauri,Dinosaur
lv-lv,en-gb,Diskurss,Address
lv-lv,en-gb,Diskurss,Discourse
lv-lv,en-gb,Diskurss,Oration
lv-lv,en-gb,Diskurss,Speaking
lv-lv,en-gb,Diskurss,Speech
lv-lv,en-gb,Disleksija,Word-blindness
lv-lv,en-gb,Disprozijs,Dysprosium
lv-lv,en-gb,Divupe,Mesopotamia
lv-lv,en-gb,Do,C
lv-lv,en-gb,Do,Do
lv-lv,en-gb,Do,Doh
lv-lv,en-gb,Donava,Danube
lv-lv,en-gb,Dorseta,Dorset
lv-lv,en-gb,Draiveris,Driver
lv-lv,en-gb,Draiveris,Pilot
lv-lv,en-gb,Dramaturģija,Drama
lv-lv,en-gb,Dzeja,Poetry
lv-lv,en-gb,Dzelzceļš,Railroad
lv-lv,en-gb,Dzelzs,Iron
lv-lv,en-gb,Dzemdības,Childbirth
lv-lv,en-gb,Dzemdības,Confinement
lv-lv,en-gb,Dzemdības,Labour
lv-lv,en-gb,Dzemdības,"Labour pains"
lv-lv,en-gb,Dzimumloceklis,Penis
lv-lv,en-gb,Dzintars,Amber
lv-lv,en-gb,Dzīvnieki,Animal
lv-lv,en-gb,Dzīvsudrabs,Mercury
lv-lv,en-gb,Dženova,Genoa
lv-lv,en-gb,Džordžija,Georgia
lv-lv,en-gb,Džouls,Joule
lv-lv,en-gb,Džudo,Judo
lv-lv,en-gb,E,E
lv-lv,en-gb,E-pasts,E-mail
lv-lv,en-gb,Einheriji,Einherjar
lv-lv,en-gb,Einšteinijs,Einsteinium
lv-lv,en-gb,Eiropa,Europa
lv-lv,en-gb,Eiropa,Europe
lv-lv,en-gb,Eiropijs,Europium
lv-lv,en-gb,Ekonomika,Economy
lv-lv,en-gb,Eksports,Export
lv-lv,en-gb,Ekvadora,Equator
lv-lv,en-gb,Ekvators,Equator
lv-lv,en-gb,Elba,Elba
lv-lv,en-gb,Elba,Elbe
lv-lv,en-gb,Eldorado,Eldorado
lv-lv,en-gb,Elektrods,Electrode
lv-lv,en-gb,Elektrolīze,Electrolysis
lv-lv,en-gb,Elektronmikroskops,Microscope
lv-lv,en-gb,Elektrons,Electron
lv-lv,en-gb,Elipse,Ellipse
lv-lv,en-gb,Elzasa,Alsace
lv-lv,en-gb,Elzasa,Elsass
lv-lv,en-gb,Emisija,Emission
lv-lv,en-gb,Enerģija,Energy
lv-lv,en-gb,Enkurs,Anchor
lv-lv,en-gb,Entomoloģija,Entomology
lv-lv,en-gb,Entropija,Entropy
lv-lv,en-gb,Epika,Epic
lv-lv,en-gb,Eposs,Epic
lv-lv,en-gb,Erbijs,Erbium
lv-lv,en-gb,Erots,Eros
lv-lv,en-gb,Eseksa,Essex
lv-lv,en-gb,Esperanto,Esperanto
lv-lv,en-gb,Esteri,Ester
lv-lv,en-gb,Etiopija,Ethiopia
lv-lv,en-gb,Etoloģija,Ethology
lv-lv,en-gb,Evolūcija,Evolution
lv-lv,en-gb,Ezers,Lake
lv-lv,en-gb,Falanga,Phalanx
lv-lv,en-gb,Fantastika,Fantastic
lv-lv,en-gb,Fantastika,Terrific
lv-lv,en-gb,Faraons,Pharaoh
lv-lv,en-gb,Farsi,Persian
lv-lv,en-gb,Farss,Farce
lv-lv,en-gb,Fašisms,Fascism
lv-lv,en-gb,Fenols,"Carbolic acid"
lv-lv,en-gb,Fermijs,Fermium
lv-lv,en-gb,Fermioni,Fermion
lv-lv,en-gb,Filadelfija,Philadelphia
lv-lv,en-gb,Filipīnas,Philippine
lv-lv,en-gb,Filipīnas,"Philippine Islands"
lv-lv,en-gb,Filipīnas,Philippines
lv-lv,en-gb,Filozofija,Philosophy
lv-lv,en-gb,Finanses,Finance
lv-lv,en-gb,Fizika,Physics
lv-lv,en-gb,Florida,Florida
lv-lv,en-gb,Fluors,Fluorine
lv-lv,en-gb,Fluorīts,"Blue john"
lv-lv,en-gb,Fluorīts,Fluorite
lv-lv,en-gb,Fluorīts,Fluospar
lv-lv,en-gb,Folklora,Folklore
lv-lv,en-gb,Fosfors,Phosphorus
lv-lv,en-gb,Fotons,Photon
lv-lv,en-gb,Fotoplate,"Photographic plate"
lv-lv,en-gb,Fovisms,Fauvism
lv-lv,en-gb,Francija,France
lv-lv,en-gb,Francijs,Francium
lv-lv,en-gb,Freims,Field
lv-lv,en-gb,Freims,Frame
lv-lv,en-gb,Freims,Framework
lv-lv,en-gb,Freims,Framing
lv-lv,en-gb,Freims,Raster
lv-lv,en-gb,Freims,Woof
lv-lv,en-gb,Frekvence,Frequency
lv-lv,en-gb,Freska,Fresco
lv-lv,en-gb,Fruktoze,Fructose
lv-lv,en-gb,Funkcija,Application
lv-lv,en-gb,Funkcija,Implementation
lv-lv,en-gb,Funkcija,Industry
lv-lv,en-gb,Funkcija,Map
lv-lv,en-gb,Funkcija,Marrying
lv-lv,en-gb,Futbols,Football
lv-lv,en-gb,Futbols,Soccer
lv-lv,en-gb,Gabona,Gabon
lv-lv,en-gb,Gadolīnijs,Gadolinium
lv-lv,en-gb,Gads,Year
lv-lv,en-gb,Gaisma,Light
lv-lv,en-gb,Galaktika,Galaxy
lv-lv,en-gb,Galileo,Galilee
lv-lv,en-gb,Galileo,Narthex
lv-lv,en-gb,Gallija,Pole
lv-lv,en-gb,Gallijs,Gallium
lv-lv,en-gb,Gana,Ghana
lv-lv,en-gb,Gana,"Gold Coast"
lv-lv,en-gb,Garums,Length
lv-lv,en-gb,Garšvielas,Seasoning
lv-lv,en-gb,Garšvielas,Spice
lv-lv,en-gb,Geizers,Geyser
lv-lv,en-gb,Genoms,Genome
lv-lv,en-gb,Geografija,Geography
lv-lv,en-gb,Geto,Ghetto
lv-lv,en-gb,Glezniecība,Paint
lv-lv,en-gb,Glezniecība,Paintwork
lv-lv,en-gb,Glicerīnaldehīds,Glyceraldehydes
lv-lv,en-gb,Glicerīns,Glycerol
lv-lv,en-gb,Glicīns,Wisteria
lv-lv,en-gb,Gliemezis,Snail
lv-lv,en-gb,Gliemeži,Snail
lv-lv,en-gb,Glikoze,Glucose
lv-lv,en-gb,Glosteršīra,Gloucestershire
lv-lv,en-gb,Golfs,Golf
lv-lv,en-gb,Grafiti,Graffiti
lv-lv,en-gb,Gramatika,Grammar
lv-lv,en-gb,Gravitons,Gravitons
lv-lv,en-gb,Grenada,Granada
lv-lv,en-gb,Grenada,"Granada province"
lv-lv,en-gb,Grenada,Grenada
lv-lv,en-gb,Grenada,Grenade
lv-lv,en-gb,Grenada,"Hand grenade"
lv-lv,en-gb,Grenada,Pomegranate
lv-lv,en-gb,Grenlande,Greenland
lv-lv,en-gb,Grieķija,Greece
lv-lv,en-gb,Gripa,Flu
lv-lv,en-gb,Gripa,Influenza
lv-lv,en-gb,Gruzija,Georgia
lv-lv,en-gb,Gvadelupa,Guadeloupe
lv-lv,en-gb,Gvatemala,Guatemala
lv-lv,en-gb,Gvineja,Guinea
lv-lv,en-gb,Gvineja-Bisava,"Guinea Bissau"
lv-lv,en-gb,H,H
lv-lv,en-gb,Hadroni,Hadron
lv-lv,en-gb,Hafnijs,Hafnium
lv-lv,en-gb,Haiti,Haiti
lv-lv,en-gb,Haizivs,Shark
lv-lv,en-gb,Halcedons,Chalcedony
lv-lv,en-gb,Hamburga,Hamburg
lv-lv,en-gb,Hannovere,Hanover
lv-lv,en-gb,Harmonija,Accord
lv-lv,en-gb,Harmonija,Harmony
lv-lv,en-gb,Havajas,Hawaii
lv-lv,en-gb,Havana,Havana
lv-lv,en-gb,Havanna,Havana
lv-lv,en-gb,Havra,Rheims
lv-lv,en-gb,Helikopters,Egg
lv-lv,en-gb,Helikopters,Helicopter
lv-lv,en-gb,Hempšīra,Hampshire
lv-lv,en-gb,Heraldika,Heraldic
lv-lv,en-gb,Hercs,Hertz
lv-lv,en-gb,Hermejs,Hermes
lv-lv,en-gb,Hidrazīns,Hydrazine
lv-lv,en-gb,Hidrolīze,Hydrolysis
lv-lv,en-gb,Himalaji,Himalayas
lv-lv,en-gb,Hipersaite,Hyperlink
lv-lv,en-gb,Hiperteksts,Hypertext
lv-lv,en-gb,Hloroforms,Chloroform
lv-lv,en-gb,Hlors,Chlorine
lv-lv,en-gb,Hobijs,Leisure
lv-lv,en-gb,Hokejs,"Ice hockey"
lv-lv,en-gb,Holmijs,Holmium
lv-lv,en-gb,Holokausts,Holocaust
lv-lv,en-gb,Homonīms,Homonymie
lv-lv,en-gb,Hondurasa,Honduras
lv-lv,en-gb,Honkonga,"Hong Kong"
lv-lv,en-gb,Honkonga,Hongkong
lv-lv,en-gb,Hoplits,Hoplite
lv-lv,en-gb,Hormoni,Hormone
lv-lv,en-gb,Hromatīns,Chromatin
lv-lv,en-gb,Hromosoma,Chromosome
lv-lv,en-gb,Hroms,Chrome
lv-lv,en-gb,Hroms,Chromium
lv-lv,en-gb,Hūrons,"Lake Huron"
lv-lv,en-gb,Iedzimtība,Heredity
lv-lv,en-gb,Iela,Road
lv-lv,en-gb,Ierocis,Weapon
lv-lv,en-gb,Ieži,Rock
lv-lv,en-gb,Igaunija,Estonia
lv-lv,en-gb,Ikona,Icon
lv-lv,en-gb,Imports,Import
lv-lv,en-gb,Inde,Poison
lv-lv,en-gb,Indija,India
lv-lv,en-gb,Indijs,Indium
lv-lv,en-gb,Indukcija,Induction
lv-lv,en-gb,Inerce,Inertia
lv-lv,en-gb,Infekcija,Superinfection
lv-lv,en-gb,Infrastruktūra,Infrastructure
lv-lv,en-gb,Insulīns,Insulin
lv-lv,en-gb,Internets,Internet
lv-lv,en-gb,Internets,Net
lv-lv,en-gb,Interpunkcija,Interpunction
lv-lv,en-gb,Interpunkcija,Punctuation
lv-lv,en-gb,Iprīts,"Mustard gas"
lv-lv,en-gb,Ironija,Irony
lv-lv,en-gb,Ironija,Sarcasm
lv-lv,en-gb,Irīdijs,Iridium
lv-lv,en-gb,Islande,Iceland
lv-lv,en-gb,Islande,Icelandic
lv-lv,en-gb,Itrijs,Yttrium
lv-lv,en-gb,Izkapts,False
lv-lv,en-gb,Izloksne,Dialect
lv-lv,en-gb,Izloksne,Vernacular
lv-lv,en-gb,Izotops,Isotope
lv-lv,en-gb,Izotops,Isotopes
lv-lv,en-gb,Izpildvara,"Executive power"
lv-lv,en-gb,Iztvaikošana,Evaporation
lv-lv,en-gb,Jamaika,Jamaica
lv-lv,en-gb,Jauda,Power
lv-lv,en-gb,Jaungvineja,"New Guinea"
lv-lv,en-gb,Java,Java
lv-lv,en-gb,Jemena,Yemen
lv-lv,en-gb,Jena,Yen
lv-lv,en-gb,Jods,Iodine
lv-lv,en-gb,Joga,Yoga
lv-lv,en-gb,Jons,Ion
lv-lv,en-gb,Jupiters,Jove
lv-lv,en-gb,Jupiters,Jupiter
lv-lv,en-gb,Jūgendstils,"Art nouveau"
lv-lv,en-gb,Jūlijs,July
lv-lv,en-gb,Jūnijs,June
lv-lv,en-gb,Jūra,Sea
lv-lv,en-gb,Ka?ote,Spoon
lv-lv,en-gb,Ka?ote,Teaspoon
lv-lv,en-gb,Kadmijs,Cadmium
lv-lv,en-gb,Kadrs,Field
lv-lv,en-gb,Kadrs,Frame
lv-lv,en-gb,Kadrs,Framework
lv-lv,en-gb,Kadrs,Framing
lv-lv,en-gb,Kadrs,Raster
lv-lv,en-gb,Kadrs,Woof
lv-lv,en-gb,Kaira,Cairo
lv-lv,en-gb,Kalabrija,Calabria
lv-lv,en-gb,Kalcijs,Calcium
lv-lv,en-gb,Kalibrs,Gauge
lv-lv,en-gb,Kalifornija,California
lv-lv,en-gb,Kalifornijs,Californium
lv-lv,en-gb,Kalifs,Caliph
lv-lv,en-gb,Kalkulators,"Adding machine"
lv-lv,en-gb,Kalkulators,Calculator
lv-lv,en-gb,Kambodža,Cambodia
lv-lv,en-gb,Kambodža,Kampuchea
lv-lv,en-gb,Kamerūna,Cameroon
lv-lv,en-gb,Kanoe,Canoe
lv-lv,en-gb,Kapitelis,Capital
lv-lv,en-gb,Kaps,Tomb
lv-lv,en-gb,Karbamīds,Urea
lv-lv,en-gb,Karbīdi,Carbide
lv-lv,en-gb,Kareivis,Army
lv-lv,en-gb,Kareivis,GI
lv-lv,en-gb,Kareivis,Military
lv-lv,en-gb,Kareivis,Serviceman
lv-lv,en-gb,Kareivis,Soldier
lv-lv,en-gb,Kareivis,Squaddie
lv-lv,en-gb,Kareivis,Squaddy
lv-lv,en-gb,Kareivis,Tommy
lv-lv,en-gb,Karneols,Carnelian
lv-lv,en-gb,Kartūzieši,Carthusian
lv-lv,en-gb,Kartūzieši,"Carthusian monk"
lv-lv,en-gb,Karš,War
lv-lv,en-gb,Kaskadieris,Stunt
lv-lv,en-gb,Kaskadieris,"Stunt man"
lv-lv,en-gb,Kaskadieris,Stuntman
lv-lv,en-gb,Katalizators,Catalyst
lv-lv,en-gb,Katods,Cathode
lv-lv,en-gb,Kauli,Bone
lv-lv,en-gb,Kauls,Bone
lv-lv,en-gb,Kaķis,Cat
lv-lv,en-gb,Kaļķakmens,Calcareous
lv-lv,en-gb,Kaļķakmens,Limestone
lv-lv,en-gb,Kašalots,"Cachalot Whale"
lv-lv,en-gb,Kašalots,"Sperm whale"
lv-lv,en-gb,Kelvins,Kelvin
lv-lv,en-gb,Kembridžšīra,Cambridgeshire
lv-lv,en-gb,Kenija,Kenya
lv-lv,en-gb,Kenta,Kent
lv-lv,en-gb,Ketoni,Ketone
lv-lv,en-gb,Kilograms,Kilo
lv-lv,en-gb,Kilograms,Kilogram
lv-lv,en-gb,Kimija,Chemistry
lv-lv,en-gb,Kineskops,"Cathode-ray tube"
lv-lv,en-gb,Kino,Cinema
lv-lv,en-gb,Kipra,Cyprus
lv-lv,en-gb,Kirijs,Curium
lv-lv,en-gb,Klarnete,Clarinet
lv-lv,en-gb,Klavieres,Piano
lv-lv,en-gb,Klimats,Climate
lv-lv,en-gb,Kobalts,Cobalt
lv-lv,en-gb,Kodolreaktors,"Atomic pile"
lv-lv,en-gb,Kodolreaktors,"Nuclear reactor"
lv-lv,en-gb,Kodolziema,"Nuclear winter"
lv-lv,en-gb,Kofeīns,Caffeine
lv-lv,en-gb,Koijots,Coyote
lv-lv,en-gb,Kolonna,Column
lv-lv,en-gb,Kolumbija,Colombia
lv-lv,en-gb,Komats,Comma
lv-lv,en-gb,Komercija,Trade
lv-lv,en-gb,Komersants,Contractor
lv-lv,en-gb,Komunisms,Communism
lv-lv,en-gb,Kondensators,Capacitor
lv-lv,en-gb,Konflikts,Conflict
lv-lv,en-gb,Konservatīvisms,Conservatism
lv-lv,en-gb,Konstitūcija,Constitution
lv-lv,en-gb,Kontinents,Continent
lv-lv,en-gb,Konvekcija,Convection
lv-lv,en-gb,Kopa,Together
lv-lv,en-gb,Kornvola,Cornwall
lv-lv,en-gb,Korozija,Corrosion
lv-lv,en-gb,Korunds,Corundum
lv-lv,en-gb,Kosmodroms,"Space port"
lv-lv,en-gb,Kosmonautika,Astronautics
lv-lv,en-gb,Kostarika,"Costa Rica"
lv-lv,en-gb,Krams,Flint
lv-lv,en-gb,Krams,Silex
lv-lv,en-gb,Krievija,Russia
lv-lv,en-gb,Kriptons,Krypton
lv-lv,en-gb,Kristietība,Christianity
lv-lv,en-gb,Krokodils,Crocodile
lv-lv,en-gb,Krusa,Hail
lv-lv,en-gb,Krīts,Chalk
lv-lv,en-gb,Ksenons,Xenon
lv-lv,en-gb,Ksilols,Xylene
lv-lv,en-gb,Kuba,Cuba
lv-lv,en-gb,Kultūra,Cultivation
lv-lv,en-gb,Kustība,Motion
lv-lv,en-gb,Kuģis,Ship
lv-lv,en-gb,Kuģis,Vessel
lv-lv,en-gb,Kušana,Fusion
lv-lv,en-gb,Kušana,Melting
lv-lv,en-gb,Kušana,Merger
lv-lv,en-gb,Kvarcs,Quartz
lv-lv,en-gb,Kvarki,Quark
lv-lv,en-gb,Laiks,Time
lv-lv,en-gb,Lamanšs,Arm
lv-lv,en-gb,Lamanšs,"English Channel"
lv-lv,en-gb,Lamanšs,Haft
lv-lv,en-gb,Lamanšs,Handle
lv-lv,en-gb,Lamanšs,Round
lv-lv,en-gb,Lamanšs,Shaft
lv-lv,en-gb,Lamanšs,Sleeve
lv-lv,en-gb,Laosa,Laos
lv-lv,en-gb,Lapas,Leaf
lv-lv,en-gb,Lapas,Sheet
lv-lv,en-gb,Lapsa,Dog
lv-lv,en-gb,Lapsa,Fox
lv-lv,en-gb,Lapsa,"Old hand"
lv-lv,en-gb,Lapsa,Piping
lv-lv,en-gb,Latviešu,French
lv-lv,en-gb,Latvija,Latvia
lv-lv,en-gb,Laukšpats,Feldspar
lv-lv,en-gb,Laulība,Marriage
lv-lv,en-gb,Laulība,Matrimony
lv-lv,en-gb,Lauva,Leo
lv-lv,en-gb,Lauva,Lion
lv-lv,en-gb,Lava,Lava
lv-lv,en-gb,Lavīna,Avalanche
lv-lv,en-gb,Ledus,Ice
lv-lv,en-gb,Leptoni,Lepton
lv-lv,en-gb,Lesteršīra,Leicestershire
lv-lv,en-gb,Lidmašīna,Aeroplane
lv-lv,en-gb,Lidmašīna,Air
lv-lv,en-gb,Lidmašīna,"Air freight"
lv-lv,en-gb,Lidmašīna,Aircraft
lv-lv,en-gb,Lidmašīna,Airmail
lv-lv,en-gb,Lidmašīna,Airplane
lv-lv,en-gb,Lidmašīna,Plane
lv-lv,en-gb,Lietojumprogrammatūra,Application
lv-lv,en-gb,Lietojumprogrammatūra,Implementation
lv-lv,en-gb,Lietojumprogrammatūra,Industry
lv-lv,en-gb,Lietojumprogrammatūra,Map
lv-lv,en-gb,Lietojumprogrammatūra,Marrying
lv-lv,en-gb,Lietus,Rain
lv-lv,en-gb,Lietuva,Lithuania
lv-lv,en-gb,Lihtenšteina,Liechtenstein
lv-lv,en-gb,Limnoloģija,Limnology
lv-lv,en-gb,Linkolnšīra,Lincolnshire
lv-lv,en-gb,Liona,Lyons
lv-lv,en-gb,Lipīdi,Lipid
lv-lv,en-gb,Liroepika,Epic
lv-lv,en-gb,Lisabona,Lisbon
lv-lv,en-gb,Literatūra,Literature
lv-lv,en-gb,Litijs,Lithium
lv-lv,en-gb,Litrs,Liter
lv-lv,en-gb,Litrs,Litre
lv-lv,en-gb,Livonija,Livonia
lv-lv,en-gb,Lizosoma,Lysosome
lv-lv,en-gb,Lizīns,Lysin
lv-lv,en-gb,Lizīns,Lysine
lv-lv,en-gb,Lježa,Liège
lv-lv,en-gb,Logaritms,Logarithm
lv-lv,en-gb,Lombardija,Lombardy
lv-lv,en-gb,Londona,London
lv-lv,en-gb,Loģika,Logical
lv-lv,en-gb,Luksemburga,Luxembourg
lv-lv,en-gb,Lībija,Libya
lv-lv,en-gb,Līcis,Bay
lv-lv,en-gb,Līcis,Berry
lv-lv,en-gb,Līdzskanis,Consonant
lv-lv,en-gb,Madagaskara,Madagascar
lv-lv,en-gb,Madride,Madrid
lv-lv,en-gb,Magazīna,Store
lv-lv,en-gb,Magma,Magma
lv-lv,en-gb,Magnijs,Magnesium
lv-lv,en-gb,Maijs,May
lv-lv,en-gb,Maina,Hand
lv-lv,en-gb,Mainca,Mayence
lv-lv,en-gb,Maize,Bread
lv-lv,en-gb,Majorka,Majorca
lv-lv,en-gb,Malaizija,Malaysia
lv-lv,en-gb,Mali,Mali
lv-lv,en-gb,Malta,Malta
lv-lv,en-gb,Manometrs,Manometer
lv-lv,en-gb,Manometrs,"Pressure gauge"
lv-lv,en-gb,Manometrs,"Pressure indicator"
lv-lv,en-gb,Marksisms,Marxism
lv-lv,en-gb,Maroka,Morocco
lv-lv,en-gb,Marseļa,Marseilles
lv-lv,en-gb,Marss,Mars
lv-lv,en-gb,Marts,Mars
lv-lv,en-gb,Masa,Mass
lv-lv,en-gb,Maskava,Moscow
lv-lv,en-gb,Matracis,Mattress
lv-lv,en-gb,Maurīcija,Mauritius
lv-lv,en-gb,Maķedonija,Macedonia
lv-lv,en-gb,Mašīntelpa,"Engine room"
lv-lv,en-gb,Mašīntelpa,Engine-house
lv-lv,en-gb,Medicīna,Medicine
lv-lv,en-gb,Medniecība,Hunting
lv-lv,en-gb,Medus,Honey
lv-lv,en-gb,Mehiko,"Mexico City"
lv-lv,en-gb,Meksika,Mexico
lv-lv,en-gb,Melnkalne,Montenegro
lv-lv,en-gb,Melodija,Aria
lv-lv,en-gb,Melodija,Melody
lv-lv,en-gb,Mena,ME
lv-lv,en-gb,Mendeļejevijs,Mendelevium
lv-lv,en-gb,Merkantīlisms,Profiteering
lv-lv,en-gb,Merkurs,Mercury
lv-lv,en-gb,Mersisaida,Merseyside
lv-lv,en-gb,Meteoroloģija,Meteorology
lv-lv,en-gb,Meteors,"Shooting star"
lv-lv,en-gb,Meteorīts,Meteorid
lv-lv,en-gb,Meteorīts,Meteoroid
lv-lv,en-gb,Meteorīts,Météorite
lv-lv,en-gb,Metionīns,Methionine
lv-lv,en-gb,Metro,Subway
lv-lv,en-gb,Metropole,"Home country"
lv-lv,en-gb,Metropole,Metropolis
lv-lv,en-gb,Metrs,Meter
lv-lv,en-gb,Mezoni,Meson
lv-lv,en-gb,Mežs,Forest
lv-lv,en-gb,Mieži,Barley
lv-lv,en-gb,Mikrobioloģija,Microbiology
lv-lv,en-gb,Mikroekonomika,Microeconomics
lv-lv,en-gb,Mikroorganisms,Microorganism
lv-lv,en-gb,Mikroskops,Microscope
lv-lv,en-gb,Millets,Millet
lv-lv,en-gb,Mineraloģija,Mineralogy
lv-lv,en-gb,Minhene,Munich
lv-lv,en-gb,Minors,Minor
lv-lv,en-gb,Misisipi,Mississippi
lv-lv,en-gb,Misisipi,"Mississippi County"
lv-lv,en-gb,Mitohondrijs,Mitochondrion
lv-lv,en-gb,Mjanma,Burma
lv-lv,en-gb,Modelis,Model
lv-lv,en-gb,Modems,Modem
lv-lv,en-gb,Moldova,Moldavia
lv-lv,en-gb,Molekula,Molecule
lv-lv,en-gb,Mols,Mole
lv-lv,en-gb,Monako,Monaco
lv-lv,en-gb,Monarhija,Monarchy
lv-lv,en-gb,Mongolija,Mongol
lv-lv,en-gb,Mongolija,Mongolia
lv-lv,en-gb,Mongolija,Mongolian
lv-lv,en-gb,Morfoloģija,Morphology
lv-lv,en-gb,Morfīns,Morphia
lv-lv,en-gb,Morfīns,Morphine
lv-lv,en-gb,Motocikls,Motorbike
lv-lv,en-gb,Mozele,Moselle
lv-lv,en-gb,Mugurkaulnieki,Vertebreta
lv-lv,en-gb,Mugurkauls,Backbone
lv-lv,en-gb,Mugurkauls,Spine
lv-lv,en-gb,Muhameds,Mohammed
lv-lv,en-gb,Muhameds,Muhammad
lv-lv,en-gb,Muskulis,Brawn
lv-lv,en-gb,Muskuļi,Brawn
lv-lv,en-gb,Mūmija,Mummy
lv-lv,en-gb,Mūzika,Music
lv-lv,en-gb,Nafta,Petroleum
lv-lv,en-gb,Naftalīns,Naphtalene
lv-lv,en-gb,Namībija,Namibia
lv-lv,en-gb,Nauda,Currency
lv-lv,en-gb,Nauru,Nauru
lv-lv,en-gb,Nazis,Cutter
lv-lv,en-gb,Nazis,Knife
lv-lv,en-gb,Neapole,Naples
lv-lv,en-gb,Neatkarība,Independence
lv-lv,en-gb,Neatkarība,Self-reliance
lv-lv,en-gb,Neitrons,Neutron
lv-lv,en-gb,Neitrīno,Neutrino
lv-lv,en-gb,Neodīms,Neodymium
lv-lv,en-gb,Neoli-ts,Neolithic
lv-lv,en-gb,Neolīts,Neolithic
lv-lv,en-gb,Neons,Neon
lv-lv,en-gb,Neons,"Neon glow"
lv-lv,en-gb,Neptūnijs,Neptunium
lv-lv,en-gb,Neptūns,Neptune
lv-lv,en-gb,Nikaragva,Nicaragua
lv-lv,en-gb,Niobijs,Niobium
lv-lv,en-gb,Nitrobenzols,Nitrobenzene
lv-lv,en-gb,Nitroglicerīns,Nitroglycerine
lv-lv,en-gb,Niķelis,Nickel
lv-lv,en-gb,Node,Knot
lv-lv,en-gb,Node,Node
lv-lv,en-gb,Norfolka,Norfolk
lv-lv,en-gb,Norma,Standard
lv-lv,en-gb,Northemptonšīra,Northamptonshire
lv-lv,en-gb,Notingemšīra,Nottinghamshire
lv-lv,en-gb,Nova,Nova
lv-lv,en-gb,Novele,Novel
lv-lv,en-gb,Novele,Roman
lv-lv,en-gb,Novembris,November
lv-lv,en-gb,Nukloni,Nucleon
lv-lv,en-gb,Nīderlande,Netherlands
lv-lv,en-gb,Nīla,Nile
lv-lv,en-gb,Oasis,Oases
lv-lv,en-gb,Oasis,Oasis
lv-lv,en-gb,Objektīvs,Lens
lv-lv,en-gb,Objektīvs,Objective
lv-lv,en-gb,Objektīvs,Unbiased
lv-lv,en-gb,Oforts,Etching
lv-lv,en-gb,Ogleklis,Carbon
lv-lv,en-gb,Ogre,Ogre
lv-lv,en-gb,Oksfordšīra,Oxfordshire
lv-lv,en-gb,Oksīds,Oxide
lv-lv,en-gb,Oktaedrs,Octahedron
lv-lv,en-gb,Oktets,Byte
lv-lv,en-gb,Oktobris,October
lv-lv,en-gb,Olbaltumviela,Protein
lv-lv,en-gb,Olbaltumvielas,Protein
lv-lv,en-gb,Oligarhija,Oligarchy
lv-lv,en-gb,Olimps,Olympus
lv-lv,en-gb,Oms,Ohm
lv-lv,en-gb,Onikss,Onyx
lv-lv,en-gb,Opera,Opera
lv-lv,en-gb,Opera,"Opera house"
lv-lv,en-gb,Operete,Operetta
lv-lv,en-gb,Optika,Optic
lv-lv,en-gb,Optika,Optics
lv-lv,en-gb,Orala,Oral
lv-lv,en-gb,Orala,Ural
lv-lv,en-gb,Orala,Verbal
lv-lv,en-gb,Orbīta,Orbit
lv-lv,en-gb,Ordenis,Order
lv-lv,en-gb,Oregona,"Columbia River"
lv-lv,en-gb,Orki,Orc
lv-lv,en-gb,Osmijs,Osmium
lv-lv,en-gb,Osmoze,Osmosis
lv-lv,en-gb,Otrdiena,Tuesday
lv-lv,en-gb,Ozols,Oak
lv-lv,en-gb,P2P,"Peer to peer"
lv-lv,en-gb,Pacients,Forbearing
lv-lv,en-gb,Pacients,Patient
lv-lv,en-gb,Pacients,Uncomplaining
lv-lv,en-gb,Pakete,Bundle
lv-lv,en-gb,Palestīna,Palestine
lv-lv,en-gb,Panna,Frying-pan
lv-lv,en-gb,Panna,Pan
lv-lv,en-gb,Paradokss,Paradox
lv-lv,en-gb,Parseks,Parsec
lv-lv,en-gb,Parīze,Backing
lv-lv,en-gb,Pasaule,"All round"
lv-lv,en-gb,Pasaule,Bear
lv-lv,en-gb,Pasaule,Birth
lv-lv,en-gb,Pasaule,Earth
lv-lv,en-gb,Pasaule,Endowed
lv-lv,en-gb,Pasaule,Hands
lv-lv,en-gb,Pasaule,Life
lv-lv,en-gb,Pasaule,Set
lv-lv,en-gb,Pasaule,World
lv-lv,en-gb,Patriarhs,Patriarch
lv-lv,en-gb,Patruļkuģis,Patrolman
lv-lv,en-gb,Pavadonis,"Artificial satellite"
lv-lv,en-gb,Pašvaldība,Borough
lv-lv,en-gb,Pašvaldība,Municipality
lv-lv,en-gb,Pekina,Peiping
lv-lv,en-gb,Pekina,Peking
lv-lv,en-gb,Pele,Mouse
lv-lv,en-gb,Perfokarte,"Punched card"
lv-lv,en-gb,Persiešu,Persian
lv-lv,en-gb,Peru,Peru
lv-lv,en-gb,Piektdiena,Friday
lv-lv,en-gb,Piens,Milk
lv-lv,en-gb,Pirmdiena,Monday
lv-lv,en-gb,Pirmkods,"Source code"
lv-lv,en-gb,Pirmskaitlis,"Prime number"
lv-lv,en-gb,Pjemonta,Foothills
lv-lv,en-gb,Platons,Greek
lv-lv,en-gb,Platons,Plato
lv-lv,en-gb,Platīns,Platinum
lv-lv,en-gb,Plazma,"Plasma physics"
lv-lv,en-gb,Plutonijs,Plutonium
lv-lv,en-gb,Plutons,Pluto
lv-lv,en-gb,Polija,Poland
lv-lv,en-gb,Polistirols,Polystyrene
lv-lv,en-gb,Politika,Policy
lv-lv,en-gb,Polonijs,Polonium
lv-lv,en-gb,Ports,Carriage
lv-lv,en-gb,Ports,Harbour
lv-lv,en-gb,Ports,Port
lv-lv,en-gb,Portu,Port
lv-lv,en-gb,Prazeodīms,Praseodymium
lv-lv,en-gb,Premjerministrs,"Prime Minister"
lv-lv,en-gb,Premjerministrs,"Prime minister"
lv-lv,en-gb,Prezidents,Chairman
lv-lv,en-gb,Prezidents,President
lv-lv,en-gb,Printeris,Printer
lv-lv,en-gb,Prizma,Prism
lv-lv,en-gb,Procesors,Processor
lv-lv,en-gb,Programmatūra,Software
lv-lv,en-gb,Projekts,Project
lv-lv,en-gb,Prokariots,Prokaryotic
lv-lv,en-gb,Prometijs,Promethium
lv-lv,en-gb,Propaganda,Propaganda
lv-lv,en-gb,Propaganda,Publicity
lv-lv,en-gb,Protaktīnijs,Protactinium
lv-lv,en-gb,Protejs,Proteus
lv-lv,en-gb,Proton,Proton
lv-lv,en-gb,Protons,Proton
lv-lv,en-gb,Providensa,Providence
lv-lv,en-gb,Proza,Prose
lv-lv,en-gb,Prūsija,Prussia
lv-lv,en-gb,Psihoanalīze,Psychoanalysis
lv-lv,en-gb,Psihologija,Psychology
lv-lv,en-gb,Psiholoģija,Psychology
lv-lv,en-gb,Psihoze,Psychosis
lv-lv,en-gb,Purvs,Bog
lv-lv,en-gb,Puslode,Hemisphere
lv-lv,en-gb,Pustonis,Second
lv-lv,en-gb,Pūķis,Dragon
lv-lv,en-gb,RAM,"Random access memory"
lv-lv,en-gb,ROM,ROM
lv-lv,en-gb,ROM,"ROM memory"
lv-lv,en-gb,ROM,"Read only memory"
lv-lv,en-gb,ROM,"Read-only memory"
lv-lv,en-gb,Rabata,Flap
lv-lv,en-gb,Rabata,Rabato
lv-lv,en-gb,Rabīns,Rabbi
lv-lv,en-gb,Radars,Radar
lv-lv,en-gb,Radio,Radio
lv-lv,en-gb,Radioamatierisms,Radio
lv-lv,en-gb,Radioamatierisms,"Radio amateur"
lv-lv,en-gb,Radioamatierisms,"Radio ham"
lv-lv,en-gb,Radiogalaktika,"Radio galaxy"
lv-lv,en-gb,Radioteleskops,"Radio telescope"
lv-lv,en-gb,Radons,Radon
lv-lv,en-gb,Ragana,Hag
lv-lv,en-gb,Ragana,Witch
lv-lv,en-gb,Reflektors,Telescope
lv-lv,en-gb,Refraktors,"Refracting telescope"
lv-lv,en-gb,Regbija,Rugby
lv-lv,en-gb,Regbijs,Rugby
lv-lv,en-gb,Reina,Rhine
lv-lv,en-gb,Reliģija,Religion
lv-lv,en-gb,Rentgenstari,"X ray"
lv-lv,en-gb,Republika,Republic
lv-lv,en-gb,Revolūcija,Revolution
lv-lv,en-gb,Rezistors,Resistance
lv-lv,en-gb,Rezorcīns,Resorcinol
lv-lv,en-gb,Rietumeiropa,Europe
lv-lv,en-gb,Ritenis,Wheel
lv-lv,en-gb,Robots,Crawler
lv-lv,en-gb,Robots,"Industrial robot"
lv-lv,en-gb,Robots,Robot
lv-lv,en-gb,Rodijs,Rhodium
lv-lv,en-gb,Rokenrols,Roc
lv-lv,en-gb,Rokoko,Rococo
lv-lv,en-gb,Roma,Roman
lv-lv,en-gb,Roma,Rome
lv-lv,en-gb,Romantisms,Romanticism
lv-lv,en-gb,Rombs,Lozenge
lv-lv,en-gb,Ronis,Seal
lv-lv,en-gb,Roterdama,Rotterdam
lv-lv,en-gb,Roze,Pink
lv-lv,en-gb,Rubīdijs,Rubidium
lv-lv,en-gb,Rubīns,Jewel
lv-lv,en-gb,Rubīns,Ruby
lv-lv,en-gb,Rūda,Ore
lv-lv,en-gb,Rūra,Ruhr
lv-lv,en-gb,Sabiedrotie,Alliance
lv-lv,en-gb,Safolka,Suffolk
lv-lv,en-gb,Safīrs,Sapphire
lv-lv,en-gb,Saksija,Saxony
lv-lv,en-gb,Saldūdens,"Fresh water"
lv-lv,en-gb,Samoa,Samoa
lv-lv,en-gb,Sanmarīno,"San Marino"
lv-lv,en-gb,Sanskrits,Sanskrit
lv-lv,en-gb,Sardīnija,Sardinia
lv-lv,en-gb,Sareja,Surrey
lv-lv,en-gb,Saturns,Saturn
lv-lv,en-gb,Saule,Sun
lv-lv,en-gb,Saule,Sun-
lv-lv,en-gb,Savanna,Savannah
lv-lv,en-gb,Sekunde,Second
lv-lv,en-gb,Semantika,Semantic
lv-lv,en-gb,Semiotika,Semiotics
lv-lv,en-gb,Sensation,Sensation
lv-lv,en-gb,Sensation,Stir
lv-lv,en-gb,Sensors,Sensor
lv-lv,en-gb,Sepse,Septicaemia
lv-lv,en-gb,Septembris,September
lv-lv,en-gb,Serbija,Serbia
lv-lv,en-gb,Serīns,Serine
lv-lv,en-gb,Sesija,Meeting
lv-lv,en-gb,Sesija,Session
lv-lv,en-gb,Sestdiena,Saturday
lv-lv,en-gb,Seviļa,Seville
lv-lv,en-gb,Sibīrija,Siberia
lv-lv,en-gb,Sicīlija,Sicily
lv-lv,en-gb,Siekalas,Saliva
lv-lv,en-gb,Siers,Cheese
lv-lv,en-gb,Siltums,Heat
lv-lv,en-gb,Silīcijs,Silicon
lv-lv,en-gb,Simbioze,Symbiosis
lv-lv,en-gb,Simfonija,Symphony
lv-lv,en-gb,Sinagoga,Synagogue
lv-lv,en-gb,Singapūra,Singapore
lv-lv,en-gb,Sirds,Core
lv-lv,en-gb,Sirds,Heart
lv-lv,en-gb,Skaldnība,Cleavage
lv-lv,en-gb,Skandijs,Scandium
lv-lv,en-gb,Skarlatīna,Scarlatina
lv-lv,en-gb,Skarlatīna,"Scarlet fever"
lv-lv,en-gb,Skelets,Skeleton
lv-lv,en-gb,Skotija,Scotland
lv-lv,en-gb,Skriemeļi,Vertebra
lv-lv,en-gb,Skudra,Ant
lv-lv,en-gb,Slimība,Disease
lv-lv,en-gb,Smaragds,Emerald
lv-lv,en-gb,Sniegavīrs,Snowman
lv-lv,en-gb,Sniegs,Snow
lv-lv,en-gb,Socioloģija,Sociology
lv-lv,en-gb,Somerseta,Somerset
lv-lv,en-gb,Somija,Finland
lv-lv,en-gb,Sonets,Sonnet
lv-lv,en-gb,Sparta,Sparta
lv-lv,en-gb,Spiediens,Pressure
lv-lv,en-gb,Spirti,Alcohol
lv-lv,en-gb,Sports,Athletics
lv-lv,en-gb,Sports,Casual
lv-lv,en-gb,Sports,Games
lv-lv,en-gb,Sports,Sport
lv-lv,en-gb,Sports,Sports
lv-lv,en-gb,Sports,"Sports car"
lv-lv,en-gb,Sports,"Sports ground"
lv-lv,en-gb,Spriegums,Voltage
lv-lv,en-gb,Spīdums,Brilliance
lv-lv,en-gb,Spīdums,Chip
lv-lv,en-gb,Spīdums,Flash
lv-lv,en-gb,Spīdums,Glitter
lv-lv,en-gb,Spīdums,Radiance
lv-lv,en-gb,Spīdums,Sheen
lv-lv,en-gb,Spīdums,Sliver
lv-lv,en-gb,Spīdums,Sparkle
lv-lv,en-gb,Spīdums,Splinter
lv-lv,en-gb,Stabule,Flute
lv-lv,en-gb,Statistika,Statistics
lv-lv,en-gb,Steatīts,Soapstone
lv-lv,en-gb,Stefordšīra,Staffordshire
lv-lv,en-gb,Stikls,Glass
lv-lv,en-gb,Stops,Crossbow
lv-lv,en-gb,Stroncijs,Strontium
lv-lv,en-gb,Subkontinents,Subcontinent
lv-lv,en-gb,Sudrabs,Silver
lv-lv,en-gb,Sunna,Sunna
lv-lv,en-gb,Suns,Dog
lv-lv,en-gb,Surinama,Surinam
lv-lv,en-gb,Surinama,Suriname
lv-lv,en-gb,Svars,Weight
lv-lv,en-gb,Svastika,Swastika
lv-lv,en-gb,Svece,Candle
lv-lv,en-gb,Svece,"Spark plug"
lv-lv,en-gb,Sviests,Butter
lv-lv,en-gb,Svins,Lead
lv-lv,en-gb,Svītra,Draught
lv-lv,en-gb,Svītra,Feature
lv-lv,en-gb,Svītrkods,"Bar code"
lv-lv,en-gb,Sīkdatne,Cookie
lv-lv,en-gb,Sīrija,Syria
lv-lv,en-gb,THF,Tetrahydrofuran
lv-lv,en-gb,Tabaka,Tobacco
lv-lv,en-gb,Taisne,Right
lv-lv,en-gb,Taisngriezis,Rectifier
lv-lv,en-gb,Taisnstūris,Oblong
lv-lv,en-gb,Taisnstūris,Rectangle
lv-lv,en-gb,Taisnstūris,Right-angle
lv-lv,en-gb,Taizeme,Siam
lv-lv,en-gb,Taizeme,Thailand
lv-lv,en-gb,Talks,Talc
lv-lv,en-gb,Tallijs,Thallium
lv-lv,en-gb,Tehnoloģija,Technology
lv-lv,en-gb,Teksasa,Texas
lv-lv,en-gb,Telefons,Phone
lv-lv,en-gb,Teleskops,Telescope
lv-lv,en-gb,Televīzija,Television
lv-lv,en-gb,Telūrs,Tellurium
lv-lv,en-gb,Temperatūra,Temperature
lv-lv,en-gb,Teniss,Tennis
lv-lv,en-gb,Teorija,Theory
lv-lv,en-gb,Terapija,Therapy
lv-lv,en-gb,Terbijs,Terbium
lv-lv,en-gb,Teritorija,Territory
lv-lv,en-gb,Termodinamika,Thermodynamic
lv-lv,en-gb,Terorisms,Terrorism
lv-lv,en-gb,Tibeta,Tibet
lv-lv,en-gb,Tirgus,Market
lv-lv,en-gb,Togo,"French Togo"
lv-lv,en-gb,Togo,"German protect. of Togoland"
lv-lv,en-gb,Togo,Togo
lv-lv,en-gb,Toluols,Toluene
lv-lv,en-gb,Tonis,Second
lv-lv,en-gb,Topless,Topless
lv-lv,en-gb,Topoloģija,Topology
lv-lv,en-gb,Torijs,Thorium
lv-lv,en-gb,Tornado,Tornado
lv-lv,en-gb,Tornado,Whirlwind
lv-lv,en-gb,Tramvajs,Streetcar
lv-lv,en-gb,Trankvilizatori,Calming
lv-lv,en-gb,Trankvilizatori,Sedative
lv-lv,en-gb,Transports,Transport
lv-lv,en-gb,Transports,Transportation
lv-lv,en-gb,Tranzistors,Transistor
lv-lv,en-gb,Trapece,Trapeze
lv-lv,en-gb,Trapece,Trapezium
lv-lv,en-gb,Treonīns,Threonine
lv-lv,en-gb,Trešdiena,Wednesday
lv-lv,en-gb,Trigeris,Seesaw
lv-lv,en-gb,Trigeris,Trigger
lv-lv,en-gb,Trigeris,"Weighing machine"
lv-lv,en-gb,Triode,Triode
lv-lv,en-gb,Tritons,Newt
lv-lv,en-gb,Trompete,Trumpet
lv-lv,en-gb,Trīsstūris,Triangle
lv-lv,en-gb,Trīsstūris,Triangular
lv-lv,en-gb,Tuksnesis,Desert
lv-lv,en-gb,Tunelis,Tunnel
lv-lv,en-gb,Tunisija,Tunisia
lv-lv,en-gb,Turcija,Turkey
lv-lv,en-gb,Turcija,Turkish
lv-lv,en-gb,Turmalīns,Tourmaline
lv-lv,en-gb,Turīna,Turin
lv-lv,en-gb,Tūlijs,Thulium
lv-lv,en-gb,Tūrisms,Sightseeing
lv-lv,en-gb,Tūrisms,Tourism
lv-lv,en-gb,Udens,Water
lv-lv,en-gb,Ukraina,Ukraine
lv-lv,en-gb,Umbrija,Umbria
lv-lv,en-gb,Upanišadas,Meditation
lv-lv,en-gb,Upe,River
lv-lv,en-gb,Urbis,Death-trap
lv-lv,en-gb,Urbis,Shillelagh
lv-lv,en-gb,Urugvaja,Uruguay
lv-lv,en-gb,Vairogdziedzeris,Thyroid
lv-lv,en-gb,Vaita,"Isle of Wight"
lv-lv,en-gb,Vakuola,Vesicle
lv-lv,en-gb,Vakuums,Vacuum
lv-lv,en-gb,Valensija,"Valence state"
lv-lv,en-gb,Valensija,Valencia
lv-lv,en-gb,Valensija,Valency
lv-lv,en-gb,Valkīras,Valkyrie
lv-lv,en-gb,Valoda,Language
lv-lv,en-gb,Valodniecība,Linguistics
lv-lv,en-gb,Valrieksts,Drown
lv-lv,en-gb,Valrieksts,Flood
lv-lv,en-gb,Valrieksts,Walnut-tree
lv-lv,en-gb,Valsts,Country
lv-lv,en-gb,Valsts,Reign
lv-lv,en-gb,Valsts,State
lv-lv,en-gb,Vampīrs,Vampire
lv-lv,en-gb,Vanuatu,Vanuatu
lv-lv,en-gb,Varavīksne,Rainbow
lv-lv,en-gb,Varš,Copper
lv-lv,en-gb,Varšava,Warsaw
lv-lv,en-gb,Vats,Watt
lv-lv,en-gb,Vektors,Vector
lv-lv,en-gb,Ventilators,Fan
lv-lv,en-gb,Veselība,Health
lv-lv,en-gb,Viduslaiki,"Dark Ages"
lv-lv,en-gb,Viduslaiki,"Middle Ages"
lv-lv,en-gb,Vijole,Cooler
lv-lv,en-gb,Vijole,Fiddle
lv-lv,en-gb,Vijole,Nick
lv-lv,en-gb,Vijole,Violin
lv-lv,en-gb,Vikingi,Viking
lv-lv,en-gb,Vilciens,About
lv-lv,en-gb,Vilciens,Rate
lv-lv,en-gb,Vilciens,Stream
lv-lv,en-gb,Vilciens,Tilt
lv-lv,en-gb,Vilks,Wolf
lv-lv,en-gb,Viltšīra,Wiltshire
lv-lv,en-gb,Vinilhlorīds,"Vinyl chloride"
lv-lv,en-gb,Vinipegs,"Lake Winnipeg"
lv-lv,en-gb,Vinipegs,"Lake Winnipegosis"
lv-lv,en-gb,Virzulis,Piston
lv-lv,en-gb,Viršana,Boiling
lv-lv,en-gb,Visla,Vistula
lv-lv,en-gb,Visums,Universe
lv-lv,en-gb,Vitamīni,Vitamin
lv-lv,en-gb,Volframs,Tungsten
lv-lv,en-gb,Volga,Volga
lv-lv,en-gb,Volts,Volt
lv-lv,en-gb,Volūta,Curl
lv-lv,en-gb,Volūta,Scroll
lv-lv,en-gb,Volūta,Volute
lv-lv,en-gb,Vorikšīra,Warwickshire
lv-lv,en-gb,Vīle,File
lv-lv,en-gb,Vīle,Pecker
lv-lv,en-gb,Vīne,Vienna
lv-lv,en-gb,Vīns,Wine
lv-lv,en-gb,Vīruss,Virus
lv-lv,en-gb,Zagreba,Zagreb
lv-lv,en-gb,Zambija,Zambia
lv-lv,en-gb,Zebra,Zebra
lv-lv,en-gb,Zelts,Gold
lv-lv,en-gb,Zeme,Earth
lv-lv,en-gb,Zemestrīce,Earthquake
lv-lv,en-gb,Zevs,Zeus
lv-lv,en-gb,Zibens,Lightning
lv-lv,en-gb,Zibens,"Lightning Bolt"
lv-lv,en-gb,Ziemeļamerika,"North America"
lv-lv,en-gb,Ziemeļamerika,"North American"
lv-lv,en-gb,Ziemeļjūra,"North Sea"
lv-lv,en-gb,Ziemeļkoreja,"North Korea"
lv-lv,en-gb,Ziemeļpols,"North Pole"
lv-lv,en-gb,Ziemeļīrija,Ireland
lv-lv,en-gb,Ziemeļīrija,"Northern Ireland"
lv-lv,en-gb,Zigota,Zygote
lv-lv,en-gb,Zimbabve,Zimbabwe
lv-lv,en-gb,Zirgs,Horse
lv-lv,en-gb,Zooloģija,Zoology
lv-lv,en-gb,Zoroastrisms,Zoroastrianism
lv-lv,en-gb,Zupa,Soup
lv-lv,en-gb,Zvaigzne,Star
lv-lv,en-gb,Zviedrija,Sweden
lv-lv,en-gb,Zīds,Bristle
lv-lv,en-gb,Zīds,Silk
lv-lv,en-gb,Zīmogs,Crest
lv-lv,en-gb,Zīmogs,Seal
lv-lv,en-gb,Zīmogs,Signet
lv-lv,en-gb,Ģenealoģija,Genealogy
lv-lv,en-gb,Ģente,Ghent
lv-lv,en-gb,Ģeofizika,Geophysical
lv-lv,en-gb,Ģeofizika,Geophysics
lv-lv,en-gb,Ģeoloģija,Geology
lv-lv,en-gb,Ģilde,Guild
lv-lv,en-gb,Ģipsis,Gypsum
lv-lv,en-gb,Īrija,Ireland
lv-lv,en-gb,Īslande,Iceland
lv-lv,en-gb,Īslande,Icelandic
lv-lv,en-gb,Ķelne,Cologne
lv-lv,en-gb,Ķermenis,Body
lv-lv,en-gb,Ķirurģija,Surgery
lv-lv,en-gb,Ķīmija,Chemistry
lv-lv,en-gb,Ūdens,Water
